DriverNumber,RoundNumber,Position,LastFinish,RollingAverage3,RollingStd3,FastestTime,Delta
1,1,2.0,,2.0,0.0,75.481,0.3849999999999909
1,2,4.0,2.0,2.0,0.0,90.817,0.17599999999998772
1,3,1.0,4.0,3.0,1.4142135623730951,86.983,0.0
1,4,6.0,1.0,2.3333333333333335,1.5275252316519468,90.423,0.5820000000000078
1,5,2.0,6.0,3.6666666666666665,2.516611478423583,87.294,0.0
1,6,4.0,2.0,3.0,2.6457513110645907,86.204,0.0
1,7,1.0,4.0,4.0,1.9999999999999998,74.704,0.033999999999991815
1,8,4.0,1.0,2.3333333333333335,1.5275252316519479,70.669,0.7150000000000034
1,9,10.0,4.0,3.0,1.7320508075688776,71.848,0.3019999999999925
1,10,2.0,10.0,5.0,4.582575694955839,71.059,0.1599999999999966
1,11,20.0,2.0,5.333333333333333,4.163331998932264,64.836,0.865000000000002
1,12,5.0,20.0,10.666666666666666,9.018499505645787,84.892,0.0
1,13,4.0,5.0,9.0,9.643650760992955,100.903,0.3410000000000082
1,14,9.0,4.0,9.666666666666666,8.9628864398325,75.547,0.6569999999999965
1,15,2.0,9.0,6.0,2.6457513110645925,68.925,0.262999999999991
1,16,1.0,2.0,5.0,3.605551275463992,78.792,0.0
1,17,1.0,1.0,4.0,4.358898943540677,101.117,0.0
1,18,2.0,1.0,1.3333333333333333,0.5773502691896648,89.34,0.18200000000000216
1,19,1.0,2.0,1.3333333333333333,0.5773502691896648,92.51,0.0
1,20,3.0,1.0,1.3333333333333333,0.5773502691896648,76.07,0.48399999999999466
1,21,3.0,3.0,2.0,1.0000000000000198,70.403,0.8920000000000101
1,22,1.0,3.0,2.3333333333333335,1.1547005383792674,108.257,0.3230000000000075
1,23,1.0,1.0,2.3333333333333335,1.1547005383792674,79.651,0.2639999999999958
1,24,1.0,1.0,1.6666666666666667,1.1547005383792701,82.207,0.0
4,1,1.0,,1.0,0.0,75.096,0.0
4,2,2.0,1.0,1.0,0.0,90.787,0.1460000000000008
4,3,2.0,2.0,1.5,0.7071067811865476,86.995,0.012000000000000455
4,4,3.0,2.0,1.6666666666666667,0.5773502691896257,90.267,0.42600000000000193
4,5,4.0,3.0,2.3333333333333335,0.5773502691896256,87.481,0.1869999999999976
4,6,2.0,4.0,3.0,0.9999999999999999,86.269,0.06500000000001194
4,7,2.0,2.0,3.0,0.9999999999999999,74.962,0.2920000000000016
4,8,1.0,2.0,2.6666666666666665,1.1547005383792515,69.954,0.0
4,9,2.0,1.0,1.6666666666666667,0.5773502691896253,71.755,0.20899999999998897
4,10,18.0,2.0,1.6666666666666667,0.5773502691896253,71.599,0.7000000000000028
4,11,1.0,18.0,7.0,9.539392014169456,63.971,0.0
4,12,1.0,1.0,7.0,9.539392014169456,85.01,0.11800000000000921
4,13,2.0,1.0,6.666666666666667,9.814954576223638,100.562,0.0
4,14,1.0,2.0,1.3333333333333333,0.5773502691896177,74.89,0.0
4,15,18.0,1.0,1.3333333333333333,0.5773502691896177,68.674,0.012000000000000455
4,16,2.0,18.0,7.0,9.539392014169456,78.869,0.07699999999999818
4,17,7.0,2.0,7.0,9.539392014169456,101.322,0.2049999999999983
4,18,3.0,7.0,9.0,8.18535277187245,89.586,0.42799999999999727
4,19,2.0,3.0,4.0,2.6457513110645845,92.801,0.2909999999999968
4,20,1.0,2.0,4.0,2.6457513110645845,75.586,0.0
4,21,1.0,1.0,2.0,0.9999999999999791,69.511,0.0
4,22,20.0,1.0,1.3333333333333333,0.5773502691895865,107.934,0.0
4,23,4.0,20.0,7.333333333333333,10.969655114602888,79.495,0.10800000000000409
4,24,3.0,4.0,8.333333333333334,10.214368964029708,82.408,0.20100000000000762
5,1,20.0,,20.0,0.0,76.516,1.4200000000000017
5,2,14.0,20.0,20.0,0.0,92.141,1.5
5,3,19.0,14.0,17.0,4.242640687119285,88.622,1.6389999999999958
5,4,18.0,19.0,17.666666666666668,3.214550253664318,92.186,2.345000000000013
5,5,18.0,18.0,17.0,2.6457513110645907,89.462,2.1680000000000064
5,6,20.0,18.0,18.333333333333332,0.5773502691896263,87.151,0.9470000000000027
5,7,18.0,20.0,18.666666666666668,1.154700538379251,76.26,1.5900000000000034
5,8,14.0,18.0,18.666666666666668,1.154700538379251,71.902,1.9480000000000075
5,9,12.0,14.0,17.333333333333332,3.0550504633038926,72.756,1.2099999999999937
5,10,14.0,12.0,14.666666666666666,3.0550504633038913,72.385,1.4860000000000042
5,11,8.0,14.0,13.333333333333334,1.1547005383792448,64.846,0.8750000000000071
5,12,20.0,8.0,11.333333333333334,3.0550504633038913,86.446,1.554000000000002
5,13,9.0,20.0,14.0,5.999999999999999,101.336,0.7740000000000009
5,14,6.0,9.0,12.333333333333334,6.658328118479392,75.586,0.695999999999998
5,15,15.0,6.0,11.666666666666666,7.371114795831993,69.622,0.9599999999999937
5,16,8.0,15.0,10.0,4.582575694955838,79.323,0.5309999999999917
5,17,11.0,8.0,9.666666666666666,4.725815626252606,102.277,1.1599999999999966
5,18,17.0,11.0,11.333333333333334,3.5118845842842434,90.82,1.661999999999992
5,19,18.0,17.0,12.0,4.582575694955838,94.125,1.6149999999999949
5,20,10.0,18.0,15.333333333333334,3.7859388972001797,77.412,1.8260000000000076
5,21,20.0,10.0,15.0,4.358898943540671,,
5,22,20.0,20.0,16.0,5.291502622129179,116.674,8.740000000000009
5,23,13.0,20.0,16.666666666666668,5.7735026918962555,80.534,1.1470000000000056
5,24,11.0,13.0,17.666666666666668,4.041451884327377,82.874,0.6670000000000016
6,1,20.0,,20.0,0.0,76.175,1.0789999999999935
6,2,11.0,20.0,20.0,0.0,91.079,0.4379999999999882
6,3,8.0,11.0,15.5,6.363961030678928,87.569,0.5859999999999985
6,4,13.0,8.0,13.0,6.244997998398398,91.271,1.4300000000000068
6,5,10.0,13.0,10.666666666666666,2.5166114784235836,88.418,1.1240000000000094
6,6,11.0,10.0,10.333333333333334,2.5166114784235836,86.987,0.7830000000000013
6,7,9.0,11.0,11.333333333333334,1.5275252316519465,75.51,0.8400000000000034
6,8,6.0,9.0,10.0,1.0000000000000002,70.923,0.9690000000000083
6,9,7.0,6.0,8.666666666666666,2.516611478423583,72.252,0.7059999999999889
6,10,16.0,7.0,7.333333333333333,1.5275252316519456,71.867,0.9680000000000035
6,11,12.0,16.0,9.666666666666666,5.507570547286102,65.063,1.0920000000000059
6,12,20.0,12.0,11.666666666666666,4.509249752822894,85.864,0.9720000000000084
6,13,20.0,20.0,16.0,4.0,101.281,0.7190000000000083
6,14,11.0,20.0,17.333333333333332,4.618802153517007,75.469,0.5789999999999935
6,15,3.0,11.0,17.0,5.196152422706633,69.208,0.5459999999999923
6,16,10.0,3.0,11.333333333333334,8.504900548115382,79.917,1.125
6,17,10.0,10.0,8.0,4.358898943540671,101.647,0.5300000000000011
6,18,11.0,10.0,7.666666666666667,4.041451884327378,89.846,0.6880000000000024
6,19,16.0,11.0,10.333333333333334,0.5773502691896184,,
6,20,13.0,16.0,12.333333333333334,3.214550253664318,76.252,0.6659999999999968
6,21,8.0,13.0,13.333333333333334,2.5166114784235836,69.931,0.4200000000000017
6,22,6.0,8.0,12.333333333333334,4.041451884327381,109.554,1.6200000000000045
6,23,18.0,6.0,9.0,3.6055512754639873,80.114,0.7270000000000039
6,24,17.0,18.0,10.666666666666666,6.429100507328637,82.997,0.7900000000000063
7,1,20.0,,20.0,0.0,76.315,1.218999999999994
7,2,13.0,20.0,20.0,0.0,92.092,1.4509999999999934
7,3,15.0,13.0,16.5,4.949747468305833,88.877,1.8939999999999912
7,4,14.0,15.0,16.0,3.605551275463989,91.245,1.4040000000000106
7,5,17.0,14.0,14.0,1.0,88.739,1.4450000000000074
7,6,20.0,17.0,15.333333333333334,1.5275252316519465,87.186,0.9820000000000135
10,1,11.0,,11.0,0.0,75.98,0.8840000000000003
10,2,20.0,11.0,11.0,0.0,91.992,1.350999999999999
10,3,13.0,20.0,15.5,6.363961030678928,87.822,0.8389999999999986
10,4,7.0,13.0,14.666666666666666,4.725815626252608,90.216,0.375
10,5,20.0,7.0,13.333333333333334,6.506407098647712,88.025,0.7310000000000088
10,6,13.0,20.0,13.333333333333334,6.506407098647712,87.71,1.5060000000000002
10,7,13.0,13.0,13.333333333333334,6.506407098647712,75.505,0.8349999999999937
10,8,20.0,13.0,15.333333333333334,4.041451884327381,71.994,2.0400000000000063
10,9,8.0,20.0,15.333333333333334,4.041451884327381,72.199,0.6529999999999916
10,10,15.0,8.0,13.666666666666666,6.027713773341708,72.667,1.7680000000000007
10,11,13.0,15.0,14.333333333333334,6.027713773341708,64.846,0.8750000000000071
10,12,6.0,13.0,12.0,3.60555127546399,85.711,0.8190000000000026
10,13,10.0,6.0,11.333333333333334,4.72581562625261,101.633,1.070999999999998
10,14,19.0,10.0,9.666666666666666,3.511884584284248,75.966,1.0759999999999934
10,15,17.0,19.0,11.666666666666666,6.658328118479393,69.637,0.9749999999999943
10,16,16.0,17.0,15.333333333333334,4.72581562625261,80.103,1.3109999999999928
10,17,18.0,16.0,17.333333333333332,1.5275252316519485,103.139,2.0219999999999914
10,18,19.0,18.0,17.0,1.0000000000000022,91.261,2.1029999999999944
10,19,19.0,19.0,17.666666666666668,1.5275252316519476,93.599,1.0889999999999986
10,20,15.0,19.0,18.666666666666668,0.5773502691896271,77.546,1.960000000000008
10,21,10.0,15.0,17.666666666666668,2.309401076758504,69.857,0.34600000000000364
10,22,13.0,10.0,14.666666666666666,4.509249752822894,111.54,3.6060000000000088
10,23,16.0,13.0,12.666666666666666,2.5166114784235836,80.324,0.9369999999999976
10,24,19.0,16.0,13.0,3.0,83.468,1.26100000000001
12,1,4.0,,4.0,0.0,76.525,1.429000000000002
12,2,6.0,4.0,4.0,0.0,91.103,0.4619999999999891
12,3,6.0,6.0,5.0,1.4142135623730951,87.555,0.5720000000000027
12,4,11.0,6.0,5.333333333333333,1.1547005383792517,90.213,0.3719999999999999
12,5,6.0,11.0,7.666666666666667,2.8867513459481287,87.798,0.5040000000000049
12,6,6.0,6.0,7.666666666666667,2.8867513459481287,86.271,0.06700000000000728
12,7,20.0,6.0,7.666666666666667,2.8867513459481287,75.772,1.1020000000000039
12,8,18.0,20.0,10.666666666666666,8.082903768654761,71.88,1.926000000000002
12,9,20.0,18.0,14.666666666666666,7.571877794400364,72.111,0.5649999999999977
12,10,3.0,20.0,19.333333333333332,1.1547005383792401,71.391,0.49200000000000443
12,11,20.0,3.0,13.666666666666666,9.291573243177568,65.052,1.0810000000000102
12,12,20.0,20.0,14.333333333333334,9.814954576223638,85.374,0.4819999999999993
12,13,16.0,20.0,14.333333333333334,9.814954576223638,102.139,1.5769999999999982
12,14,10.0,16.0,18.666666666666668,2.3094010767584985,75.782,0.8919999999999959
12,15,16.0,10.0,15.333333333333334,5.0332229568471645,69.493,0.8309999999999889
12,16,9.0,16.0,14.0,3.464101615137752,79.2,0.40800000000000125
12,17,4.0,9.0,11.666666666666666,3.7859388972001797,101.464,0.3469999999999942
12,18,5.0,4.0,9.666666666666666,6.0277137733417065,89.537,0.3790000000000049
12,19,13.0,5.0,6.0,2.6457513110645863,93.044,0.5339999999999918
12,20,6.0,13.0,7.333333333333333,4.932882862316246,76.118,0.5319999999999965
12,21,2.0,6.0,8.0,4.358898943540672,69.685,0.1740000000000066
12,22,3.0,2.0,7.0,5.567764362830021,116.314,8.379999999999995
12,23,5.0,3.0,3.6666666666666665,2.0816659994661233,79.846,0.4590000000000032
12,24,15.0,5.0,3.3333333333333335,1.5275252316519334,82.894,0.6870000000000118
14,1,20.0,,20.0,0.0,76.288,1.191999999999993
14,2,20.0,20.0,20.0,0.0,91.688,1.046999999999997
14,3,11.0,20.0,20.0,0.0,87.897,0.9140000000000015
14,4,15.0,11.0,17.0,5.196152422706632,91.634,1.7930000000000064
14,5,11.0,15.0,15.333333333333334,4.509249752822894,88.303,1.0090000000000003
14,6,15.0,11.0,12.333333333333334,2.3094010767585034,87.604,1.4000000000000057
14,7,11.0,15.0,13.666666666666666,2.3094010767585034,75.431,0.7609999999999957
14,8,20.0,11.0,12.333333333333334,2.3094010767585034,70.924,0.9700000000000131
14,9,9.0,20.0,15.333333333333334,4.509249752822894,72.284,0.7379999999999995
14,10,7.0,9.0,13.333333333333334,5.8594652770823155,71.586,0.6869999999999976
14,11,7.0,7.0,12.0,7.0,65.128,1.1570000000000036
14,12,9.0,7.0,7.666666666666667,1.1547005383792517,85.593,0.7010000000000076
14,13,17.0,9.0,7.666666666666667,1.1547005383792517,102.385,1.8230000000000075
14,14,5.0,17.0,11.0,5.291502622129181,75.281,0.39100000000000534
14,15,8.0,5.0,10.333333333333334,6.110100926607787,69.366,0.7039999999999935
14,16,20.0,8.0,10.0,6.244997998398398,79.362,0.5699999999999932
14,17,15.0,20.0,11.0,7.937253933193772,101.857,0.7399999999999949
14,18,7.0,15.0,14.333333333333334,6.027713773341708,89.955,0.796999999999997
14,19,10.0,7.0,14.0,6.557438524302,93.16,0.6499999999999915
14,20,20.0,10.0,10.666666666666666,4.041451884327381,77.103,1.516999999999996
14,21,14.0,20.0,12.333333333333334,6.8068592855540455,70.001,0.4900000000000091
14,22,11.0,14.0,14.666666666666666,5.033222956847165,109.466,1.5319999999999965
14,23,7.0,11.0,15.0,4.582575694955839,80.219,0.8319999999999936
14,24,6.0,7.0,10.666666666666666,3.511884584284245,82.861,0.6540000000000106
16,1,8.0,,8.0,0.0,75.755,0.6589999999999918
16,2,20.0,8.0,8.0,0.0,91.021,0.37999999999999545
16,3,4.0,20.0,14.0,8.48528137423857,87.299,0.3160000000000025
16,4,4.0,4.0,10.666666666666666,8.32666399786453,90.175,0.3340000000000032
16,5,3.0,4.0,9.333333333333334,9.237604307034013,87.67,0.3760000000000048
16,6,7.0,3.0,3.6666666666666665,0.5773502691896386,86.754,0.5500000000000114
16,7,6.0,7.0,4.666666666666667,2.081665999466136,75.604,0.9339999999999975
16,8,2.0,6.0,5.333333333333333,2.081665999466136,70.063,0.10900000000000887
16,9,3.0,2.0,5.0,2.6457513110645934,72.131,0.5849999999999937
16,10,5.0,3.0,3.6666666666666665,2.081665999466136,71.626,0.7270000000000039
16,11,3.0,5.0,3.3333333333333335,1.5275252316519514,64.492,0.5210000000000079
16,12,14.0,3.0,3.6666666666666665,1.1547005383792577,85.121,0.2289999999999992
16,13,3.0,14.0,7.333333333333333,5.859465277082316,100.9,0.33800000000000807
16,14,4.0,3.0,6.666666666666667,6.350852961085884,75.372,0.4819999999999993
16,15,20.0,4.0,7.0,6.08276253029822,69.304,0.6419999999999959
16,16,4.0,20.0,9.0,9.539392014169456,79.007,0.2150000000000034
16,17,9.0,4.0,9.333333333333334,9.237604307034013,101.458,0.340999999999994
16,18,6.0,9.0,11.0,8.18535277187245,89.784,0.6260000000000048
16,19,3.0,6.0,6.333333333333333,2.516611478423583,92.807,0.29699999999999704
16,20,2.0,3.0,6.0,3.0,75.848,0.26200000000000045
16,21,20.0,2.0,3.6666666666666665,2.0816659994661326,69.801,0.29000000000000625
16,22,4.0,20.0,8.333333333333334,10.115993936995679,109.872,1.9380000000000024
16,23,8.0,4.0,8.666666666666666,9.865765724632496,80.343,0.9560000000000031
16,24,4.0,8.0,10.666666666666666,8.326663997864532,82.73,0.5230000000000103
18,1,6.0,,6.0,0.0,76.369,1.2729999999999961
18,2,9.0,6.0,6.0,0.0,91.773,1.1319999999999908
18,3,20.0,9.0,7.5,2.1213203435596424,89.271,2.2879999999999967
18,4,17.0,20.0,11.666666666666666,7.371114795831994,92.283,2.4420000000000073
18,5,16.0,17.0,15.333333333333334,5.686240703077325,88.645,1.350999999999999
18,6,16.0,16.0,17.666666666666668,2.0816659994661277,87.83,1.6260000000000048
18,7,15.0,16.0,16.333333333333332,0.5773502691896093,75.497,0.8269999999999982
18,8,15.0,15.0,15.666666666666666,0.5773502691896075,72.563,2.609000000000009
18,10,17.0,15.0,15.333333333333334,0.5773502691896075,72.517,1.617999999999995
18,11,14.0,17.0,15.666666666666666,1.1547005383792428,65.329,1.357999999999997
18,12,7.0,14.0,15.333333333333334,1.5275252316519405,86.504,1.612000000000009
18,13,14.0,7.0,12.666666666666666,5.131601439446882,102.502,1.9399999999999977
18,14,7.0,14.0,11.666666666666666,4.041451884327378,75.129,0.23900000000000432
18,15,7.0,7.0,9.333333333333334,4.041451884327378,,
18,16,18.0,7.0,9.333333333333334,4.041451884327378,79.948,1.1559999999999917
18,17,17.0,18.0,10.666666666666666,6.350852961085882,102.101,0.9839999999999947
18,18,13.0,17.0,14.0,6.082762530298217,90.949,1.7909999999999968
18,19,12.0,13.0,16.0,2.6457513110645823,94.54,2.030000000000001
18,20,14.0,12.0,14.0,2.6457513110645863,77.606,2.019999999999996
18,21,16.0,14.0,13.0,0.9999999999999942,70.041,0.5300000000000011
18,22,20.0,16.0,14.0,1.9999999999999944,112.85,4.915999999999997
18,23,17.0,20.0,16.666666666666668,3.0550504633038846,81.058,1.6710000000000065
18,24,10.0,17.0,17.666666666666668,2.0816659994661166,83.097,0.8900000000000006
22,1,12.0,,12.0,0.0,75.67,0.5739999999999981
22,2,16.0,12.0,12.0,0.0,91.238,0.5969999999999942
22,3,12.0,16.0,14.0,2.8284271247461903,87.967,0.9839999999999947
22,4,9.0,12.0,13.333333333333334,2.3094010767585034,91.228,1.3870000000000005
22,5,20.0,9.0,12.333333333333334,3.5118845842842465,87.99,0.695999999999998
22,6,10.0,20.0,13.666666666666666,5.686240703077328,86.943,0.7390000000000043
22,7,10.0,10.0,13.0,6.082762530298221,,
22,8,17.0,10.0,13.333333333333334,5.773502691896259,71.415,1.4610000000000127
22,9,13.0,17.0,12.333333333333334,4.041451884327382,73.385,1.8389999999999986
22,10,12.0,13.0,13.333333333333334,3.5118845842842488,72.102,1.203000000000003
22,11,16.0,12.0,14.0,2.6457513110645934,65.369,1.3980000000000032
22,12,15.0,16.0,13.666666666666666,2.0816659994661366,85.826,0.9339999999999975
22,13,13.0,15.0,14.333333333333334,2.0816659994661366,101.245,0.6830000000000069
22,14,17.0,13.0,14.666666666666666,1.5275252316519514,75.899,1.0090000000000003
22,15,9.0,17.0,15.0,2.0000000000000036,69.622,0.9599999999999937
22,16,13.0,9.0,13.0,4.000000000000002,79.433,0.6410000000000053
22,17,6.0,13.0,13.0,4.000000000000002,101.788,0.6709999999999923
22,18,12.0,6.0,9.333333333333334,3.5118845842842488,90.353,1.1949999999999932
22,19,7.0,12.0,10.333333333333334,3.785938897200184,93.466,0.9559999999999889
22,20,11.0,7.0,8.333333333333334,3.214550253664321,76.816,1.230000000000004
22,21,17.0,11.0,10.0,2.645751311064594,70.711,1.2000000000000028
22,22,12.0,17.0,11.666666666666666,5.033222956847168,116.798,8.864000000000004
22,23,10.0,12.0,13.333333333333334,3.214550253664321,80.761,1.3739999999999952
22,24,14.0,10.0,13.0,3.605551275463992,83.034,0.8270000000000124
23,1,5.0,,5.0,0.0,75.737,0.6409999999999911
23,2,7.0,5.0,5.0,0.0,91.503,0.8619999999999948
23,3,9.0,7.0,6.0,1.4142135623730951,87.615,0.6319999999999908
23,4,12.0,9.0,7.0,2.0,92.04,2.1990000000000123
23,5,9.0,12.0,9.333333333333334,2.516611478423583,88.109,0.8149999999999977
23,6,5.0,9.0,10.0,1.7320508075688767,86.682,0.47800000000000864
23,7,5.0,5.0,8.666666666666666,3.5118845842842457,75.473,0.8029999999999973
23,8,9.0,5.0,6.333333333333333,2.309401076758501,70.732,0.7780000000000058
23,9,20.0,9.0,6.333333333333333,2.309401076758501,72.641,1.0949999999999989
23,10,20.0,20.0,11.333333333333334,7.767453465154029,71.892,0.992999999999995
23,11,20.0,20.0,16.333333333333332,6.350852961085885,65.143,1.1720000000000041
23,12,8.0,20.0,20.0,0.0,85.889,0.9969999999999999
23,13,6.0,8.0,16.0,6.928203230275511,101.201,0.6389999999999958
23,14,15.0,6.0,11.333333333333334,7.571877794400367,76.223,1.3329999999999984
23,15,5.0,15.0,9.666666666666666,4.725815626252611,69.652,0.9899999999999949
23,16,7.0,5.0,8.666666666666666,5.507570547286105,79.583,0.7909999999999968
23,17,13.0,7.0,9.0,5.291502622129184,103.778,2.6610000000000014
23,18,14.0,13.0,8.333333333333334,4.16333199893227,90.202,1.043999999999997
23,19,14.0,14.0,11.333333333333334,3.785938897200184,94.69,2.1799999999999926
23,20,12.0,14.0,13.666666666666666,0.5773502691896226,77.49,1.9039999999999964
23,21,11.0,12.0,13.333333333333334,1.1547005383792508,70.053,0.5420000000000016
23,22,20.0,11.0,12.333333333333334,1.5275252316519485,116.22,8.286000000000001
23,23,11.0,20.0,14.333333333333334,4.932882862316246,80.629,1.2420000000000044
23,24,16.0,11.0,14.0,5.196152422706631,83.416,1.2090000000000032
27,1,7.0,,7.0,0.0,76.579,1.4829999999999899
27,2,15.0,7.0,7.0,0.0,91.632,0.9909999999999997
27,3,16.0,15.0,11.0,5.656854249492381,88.57,1.586999999999989
27,4,20.0,16.0,12.666666666666666,4.932882862316248,92.067,2.225999999999999
27,5,15.0,20.0,17.0,2.6457513110645916,88.782,1.4879999999999995
27,6,14.0,15.0,17.0,2.6457513110645916,87.473,1.2690000000000055
27,7,12.0,14.0,16.333333333333332,3.214550253664319,76.518,1.847999999999999
27,8,16.0,12.0,13.666666666666666,1.5275252316519445,71.596,1.6420000000000101
27,9,5.0,16.0,14.0,1.9999999999999982,73.19,1.6439999999999912
27,10,8.0,5.0,11.0,5.5677643628300215,72.183,1.284000000000006
27,11,9.0,8.0,9.666666666666666,5.686240703077327,65.606,1.634999999999998
27,12,3.0,9.0,7.333333333333333,2.0816659994661313,86.574,1.6820000000000022
27,13,12.0,3.0,6.666666666666667,3.2145502536643176,101.707,1.144999999999996
27,14,13.0,12.0,8.0,4.58257569495584,76.081,1.1910000000000025
27,15,14.0,13.0,9.333333333333334,5.507570547286101,70.195,1.532999999999987
27,16,20.0,14.0,13.0,0.9999999999999962,79.498,0.7060000000000031
27,17,16.0,20.0,15.666666666666666,3.785938897200182,102.916,1.7989999999999924
27,18,20.0,16.0,16.666666666666668,3.055050463303893,90.141,0.9830000000000041
27,19,8.0,20.0,18.666666666666668,2.3094010767585016,93.334,0.8239999999999981
27,20,20.0,8.0,14.666666666666666,6.110100926607786,77.016,1.4300000000000068
27,21,9.0,20.0,16.0,6.928203230275509,69.985,0.47400000000000375
27,22,7.0,9.0,12.333333333333334,6.6583281184793925,112.781,4.847000000000008
27,23,20.0,7.0,12.0,6.999999999999999,80.353,0.965999999999994
27,24,9.0,20.0,12.0,6.999999999999999,83.45,1.2430000000000092
30,1,20.0,,20.0,0.0,77.094,1.9979999999999905
30,2,12.0,20.0,20.0,0.0,92.174,1.5330000000000013
30,3,17.0,12.0,16.0,5.656854249492381,87.906,0.9230000000000018
30,4,16.0,17.0,16.333333333333332,4.041451884327381,92.165,2.3240000000000123
30,5,12.0,16.0,15.0,2.6457513110645903,88.191,0.8970000000000056
30,6,20.0,12.0,15.0,2.6457513110645903,87.363,1.159000000000006
30,7,14.0,20.0,16.0,4.0,76.379,1.7090000000000032
30,8,8.0,14.0,15.333333333333334,4.163331998932265,71.129,1.1750000000000114
30,9,11.0,8.0,14.0,5.999999999999999,72.763,1.2169999999999987
30,10,20.0,11.0,11.0,2.9999999999999956,72.525,1.6260000000000048
30,11,6.0,20.0,13.0,6.244997998398397,64.926,0.9550000000000054
30,12,20.0,6.0,12.333333333333334,7.094598884597586,86.44,1.5480000000000018
30,13,8.0,20.0,15.333333333333334,8.082903768654761,101.297,0.7349999999999994
30,14,8.0,8.0,11.333333333333334,7.571877794400363,75.63,0.7399999999999949
30,15,12.0,8.0,12.0,6.928203230275507,69.383,0.7209999999999894
30,16,14.0,12.0,9.333333333333334,2.3094010767584927,80.279,1.4869999999999948
30,17,5.0,14.0,11.333333333333334,3.055050463303887,101.537,0.4200000000000017
30,18,15.0,5.0,10.333333333333334,4.725815626252603,90.32,1.161999999999992
30,19,11.0,15.0,11.333333333333334,5.5075705472860985,93.36,0.8499999999999943
30,20,20.0,11.0,10.333333333333334,5.033222956847162,76.961,1.375
30,21,7.0,20.0,15.333333333333334,4.509249752822892,69.95,0.43900000000000716
30,22,14.0,7.0,12.666666666666666,6.658328118479391,109.062,1.1280000000000001
30,23,9.0,14.0,13.666666666666666,6.506407098647709,80.433,1.0460000000000065
30,24,18.0,9.0,10.0,3.6055512754639842,83.077,0.8700000000000045
31,1,13.0,,13.0,0.0,77.147,2.051000000000002
31,2,5.0,13.0,13.0,0.0,91.625,0.9839999999999947
31,3,18.0,5.0,9.0,5.656854249492381,88.696,1.7129999999999939
31,4,8.0,18.0,12.0,6.557438524302,91.594,1.7530000000000001
31,5,14.0,8.0,10.333333333333334,6.8068592855540455,89.092,1.7980000000000018
31,6,12.0,14.0,13.333333333333334,5.033222956847166,86.824,0.6200000000000045
31,7,20.0,12.0,11.333333333333334,3.055050463303893,76.613,1.9429999999999978
31,8,7.0,20.0,15.333333333333334,4.163331998932265,70.942,0.9879999999999995
31,9,16.0,7.0,13.0,6.557438524302,73.201,1.654999999999987
31,10,9.0,16.0,14.333333333333334,6.6583281184793925,72.378,1.4789999999999992
31,11,10.0,9.0,10.666666666666666,4.725815626252608,65.364,1.3930000000000078
31,12,13.0,10.0,11.666666666666666,3.785938897200182,85.95,1.058000000000007
31,13,15.0,13.0,10.666666666666666,2.0816659994661313,101.525,0.9630000000000081
31,14,16.0,15.0,12.666666666666666,2.5166114784235827,76.023,1.1329999999999956
31,15,10.0,16.0,14.666666666666666,1.527525231651946,70.197,1.5349999999999966
31,16,15.0,10.0,13.666666666666666,3.214550253664318,79.707,0.914999999999992
31,17,14.0,15.0,13.666666666666666,3.214550253664318,103.004,1.8870000000000005
31,18,18.0,14.0,13.0,2.64575131106459,90.989,1.831000000000003
31,19,15.0,18.0,15.666666666666666,2.081665999466132,94.136,1.6259999999999906
31,20,9.0,15.0,15.666666666666666,2.081665999466132,76.837,1.2510000000000048
31,21,12.0,9.0,14.0,4.58257569495584,70.438,0.9270000000000067
31,22,9.0,12.0,12.0,2.9999999999999996,112.987,5.052999999999997
31,23,15.0,9.0,10.0,1.7320508075688763,80.864,1.4770000000000039
31,24,7.0,15.0,12.0,2.9999999999999996,82.913,0.7060000000000031
43,7,16.0,,16.0,0.0,76.256,1.5859999999999985
43,8,13.0,16.0,16.0,0.0,72.597,2.6430000000000007
43,9,15.0,13.0,14.5,2.1213203435596424,73.334,1.7879999999999967
43,10,13.0,15.0,14.666666666666666,1.5275252316519468,72.142,1.242999999999995
43,11,15.0,13.0,13.666666666666666,1.1547005383792512,65.278,1.3070000000000093
43,12,20.0,15.0,14.333333333333334,1.1547005383792512,87.06,2.1680000000000064
43,13,19.0,20.0,16.0,3.605551275463989,102.022,1.460000000000008
43,14,18.0,19.0,18.0,2.6457513110645907,75.875,0.9849999999999994
43,15,11.0,18.0,19.0,1.0,70.104,1.441999999999993
43,16,17.0,11.0,16.0,4.358898943540674,79.992,1.2000000000000028
43,17,19.0,17.0,15.333333333333334,3.7859388972001824,102.779,1.661999999999992
43,18,16.0,19.0,15.666666666666666,4.163331998932266,90.982,1.823999999999998
43,19,17.0,16.0,17.333333333333332,1.5275252316519476,94.039,1.5289999999999964
43,20,16.0,17.0,17.333333333333332,1.5275252316519476,77.67,2.084000000000003
43,21,15.0,16.0,16.333333333333332,0.5773502691896271,70.632,1.1210000000000093
43,22,15.0,15.0,16.0,1.0000000000000009,113.683,5.749000000000009
43,23,14.0,15.0,15.333333333333334,0.5773502691896274,81.137,1.75
43,24,20.0,14.0,14.666666666666666,0.5773502691896274,83.89,1.683000000000007
44,1,10.0,,10.0,0.0,75.919,0.8229999999999933
44,2,20.0,10.0,10.0,0.0,90.927,0.28600000000000136
44,3,7.0,20.0,15.0,7.0710678118654755,87.61,0.6269999999999953
44,4,5.0,7.0,12.333333333333334,6.8068592855540455,90.772,0.9310000000000116
44,5,7.0,5.0,10.666666666666666,8.144527815247077,88.102,0.8080000000000069
44,6,8.0,7.0,6.333333333333333,1.154700538379248,87.006,0.8020000000000067
44,7,4.0,8.0,6.666666666666667,1.5275252316519436,75.765,1.0949999999999989
44,8,5.0,4.0,6.333333333333333,2.0816659994661304,70.382,0.4280000000000115
44,9,6.0,5.0,5.666666666666667,2.0816659994661304,72.045,0.4989999999999952
44,10,6.0,6.0,5.0,0.9999999999999952,71.526,0.6269999999999953
44,11,4.0,6.0,5.666666666666667,0.5773502691896174,64.582,0.6109999999999971
44,12,4.0,4.0,5.333333333333333,1.1547005383792472,85.084,0.19200000000000728
44,13,7.0,4.0,4.666666666666667,1.1547005383792472,101.939,1.3769999999999953
44,14,12.0,7.0,5.0,1.7320508075688745,75.702,0.8119999999999976
44,15,20.0,12.0,7.666666666666667,4.04145188432738,69.261,0.5989999999999895
44,16,6.0,20.0,13.0,6.557438524302,79.124,0.33199999999999363
44,17,8.0,6.0,12.666666666666666,7.023769168568491,101.821,0.7039999999999935
44,18,8.0,8.0,11.333333333333334,7.571877794400364,89.688,0.5300000000000011
44,19,4.0,8.0,7.333333333333333,1.154700538379248,92.912,0.402000000000001
44,20,8.0,4.0,6.666666666666667,2.309401076758501,75.938,0.35200000000000387
44,21,20.0,8.0,6.666666666666667,2.309401076758501,70.016,0.5050000000000097
44,22,8.0,20.0,10.666666666666666,8.32666399786453,117.115,9.180999999999997
44,23,12.0,8.0,12.0,6.928203230275508,80.907,1.519999999999996
44,24,8.0,12.0,13.333333333333334,6.110100926607784,83.394,1.1870000000000118
55,1,20.0,,20.0,0.0,75.931,0.8349999999999937
55,2,10.0,20.0,20.0,0.0,91.628,0.9869999999999948
55,3,14.0,10.0,15.0,7.0710678118654755,87.836,0.8529999999999944
55,4,20.0,14.0,14.666666666666666,5.033222956847166,90.68,0.8390000000000128
55,5,8.0,20.0,14.666666666666666,5.033222956847166,88.024,0.730000000000004
55,6,9.0,8.0,14.0,6.0,86.569,0.3650000000000091
55,7,8.0,9.0,12.333333333333334,6.658328118479393,75.198,0.5279999999999916
55,8,10.0,8.0,8.333333333333334,0.5773502691896308,71.362,1.4080000000000013
55,9,14.0,10.0,9.0,1.0000000000000029,73.203,1.6569999999999965
55,10,10.0,14.0,10.666666666666666,3.0550504633038944,72.398,1.4989999999999952
55,11,20.0,10.0,11.333333333333334,2.309401076758505,65.582,1.610999999999997
55,12,12.0,20.0,14.666666666666666,5.033222956847167,85.746,0.8539999999999992
55,13,18.0,12.0,14.0,5.291502622129182,101.691,1.1290000000000049
55,14,14.0,18.0,16.666666666666668,4.163331998932267,75.652,0.7620000000000005
55,15,13.0,14.0,14.666666666666666,3.055050463303896,69.472,0.8099999999999881
55,16,11.0,13.0,15.0,2.6457513110645934,79.528,0.7360000000000042
55,17,3.0,11.0,12.666666666666666,1.527525231651951,101.595,0.47799999999999443
55,18,10.0,3.0,9.0,5.291502622129182,90.235,1.0769999999999982
55,19,20.0,10.0,8.0,4.358898943540675,93.124,0.6139999999999901
55,20,17.0,20.0,11.0,8.544003745317532,76.172,0.5859999999999985
55,21,13.0,17.0,15.666666666666666,5.131601439446886,70.184,0.6730000000000018
55,22,5.0,13.0,16.666666666666668,3.511884584284249,108.296,0.362000000000009
55,23,3.0,5.0,11.666666666666666,6.11010092660779,80.251,0.8640000000000043
55,24,13.0,3.0,7.0,5.291502622129187,83.042,0.835000000000008
63,1,3.0,,3.0,0.0,75.546,0.45000000000000284
63,2,3.0,3.0,3.0,0.0,90.723,0.08199999999999363
63,3,5.0,3.0,3.0,0.0,87.318,0.33499999999999375
63,4,2.0,5.0,3.6666666666666665,1.1547005383792517,90.009,0.16800000000000637
63,5,5.0,2.0,3.3333333333333335,1.5275252316519468,87.407,0.11299999999999955
63,6,3.0,5.0,4.0,1.7320508075688774,86.385,0.1810000000000116
63,7,7.0,3.0,3.3333333333333335,1.5275252316519468,74.807,0.13700000000000045
63,8,11.0,7.0,5.0,2.0,71.507,1.5530000000000115
63,9,4.0,11.0,7.0,4.0,71.848,0.3019999999999925
63,10,1.0,4.0,7.333333333333333,3.511884584284246,70.899,0.0
63,11,5.0,1.0,5.333333333333333,5.131601439446884,64.763,0.7920000000000087
63,12,10.0,5.0,3.3333333333333335,2.0816659994661326,85.029,0.13700000000000045
63,13,5.0,10.0,5.333333333333333,4.509249752822893,101.254,0.6920000000000073
63,14,3.0,5.0,6.666666666666667,2.8867513459481273,75.201,0.31099999999999284
63,15,4.0,3.0,6.0,3.6055512754639882,69.255,0.5929999999999893
63,16,5.0,4.0,4.0,0.9999999999999956,79.157,0.3649999999999949
63,17,2.0,5.0,4.0,0.9999999999999956,101.455,0.33799999999999386
63,18,1.0,2.0,3.6666666666666665,1.5275252316519436,89.158,0.0
63,19,6.0,1.0,2.6666666666666665,2.0816659994661304,92.826,0.3159999999999883
63,20,7.0,6.0,3.0,2.645751311064589,76.034,0.4480000000000075
63,21,4.0,7.0,4.666666666666667,3.2145502536643167,69.88,0.3689999999999998
63,22,2.0,4.0,5.666666666666667,1.5275252316519432,108.803,0.8689999999999998
63,23,6.0,2.0,4.333333333333333,2.516611478423581,79.662,0.2750000000000057
63,24,5.0,6.0,4.0,1.9999999999999971,82.645,0.4380000000000024
81,1,9.0,,9.0,0.0,75.18,0.08400000000000318
81,2,1.0,9.0,9.0,0.0,90.641,0.0
81,3,3.0,1.0,5.0,5.656854249492381,87.027,0.04399999999999693
81,4,1.0,3.0,4.333333333333333,4.163331998932265,89.841,0.0
81,5,1.0,1.0,1.6666666666666667,1.1547005383792504,87.304,0.010000000000005116
81,6,1.0,1.0,1.6666666666666667,1.1547005383792504,86.269,0.06500000000001194
81,7,3.0,1.0,1.0,0.0,74.67,0.0
81,8,3.0,3.0,1.6666666666666667,1.1547005383792504,70.129,0.17500000000001137
81,9,1.0,3.0,2.3333333333333335,1.1547005383792506,71.546,0.0
81,10,4.0,1.0,2.3333333333333335,1.1547005383792506,71.12,0.22100000000000364
81,11,2.0,4.0,2.6666666666666665,1.527525231651946,64.554,0.5830000000000055
81,12,2.0,2.0,2.3333333333333335,1.527525231651946,84.995,0.10300000000000864
81,13,1.0,2.0,2.6666666666666665,1.1547005383792506,100.626,0.06400000000000716
81,14,2.0,1.0,1.6666666666666667,0.5773502691896235,74.941,0.05100000000000193
81,15,1.0,2.0,1.6666666666666667,0.5773502691896235,68.662,0.0
81,16,3.0,1.0,1.3333333333333333,0.5773502691896234,78.982,0.18999999999999773
81,17,20.0,3.0,2.0,0.9999999999999987,101.414,0.29699999999999704
81,18,4.0,20.0,8.0,10.44030650891055,89.524,0.36599999999999966
81,19,5.0,4.0,9.0,9.539392014169456,93.084,0.5739999999999981
81,20,5.0,5.0,9.666666666666666,8.962886439832502,76.174,0.5880000000000081
81,21,5.0,5.0,4.666666666666667,0.577350269189618,69.835,0.32399999999999807
81,22,20.0,5.0,5.0,0.0,108.961,1.027000000000001
81,23,2.0,20.0,10.0,8.660254037844387,79.387,0.0
81,24,2.0,2.0,9.0,9.643650760992955,82.437,0.23000000000000398
87,1,14.0,,14.0,0.0,,
87,2,8.0,14.0,14.0,0.0,92.018,1.3769999999999953
87,3,10.0,8.0,11.0,4.242640687119285,87.711,0.7279999999999944
87,4,10.0,10.0,10.666666666666666,3.055050463303893,92.373,2.5320000000000107
87,5,13.0,10.0,9.333333333333334,1.1547005383792504,88.536,1.2420000000000044
87,6,20.0,13.0,11.0,1.7320508075688763,87.999,1.7950000000000017
87,7,17.0,20.0,14.333333333333334,5.131601439446884,76.077,1.4069999999999965
87,8,12.0,17.0,16.666666666666668,3.511884584284245,71.979,2.0250000000000057
87,9,17.0,12.0,16.333333333333332,4.041451884327379,73.074,1.5279999999999916
87,10,11.0,17.0,15.333333333333334,2.8867513459481255,72.306,1.4069999999999965
87,11,11.0,11.0,13.333333333333334,3.2145502536643145,65.218,1.247000000000007
87,12,11.0,11.0,13.0,3.464101615137751,85.471,0.5790000000000077
87,13,11.0,11.0,11.0,0.0,101.617,1.0550000000000068
87,14,20.0,11.0,11.0,0.0,75.694,0.804000000000002
87,15,6.0,20.0,14.0,5.19615242270663,70.262,1.5999999999999943
87,16,12.0,6.0,12.333333333333334,7.094598884597585,79.446,0.6539999999999964
87,17,12.0,12.0,12.666666666666666,7.02376916856849,102.666,1.5489999999999924
87,18,9.0,12.0,10.0,3.4641016151377473,89.868,0.7099999999999937
87,19,9.0,9.0,11.0,1.7320508075688643,93.139,0.6289999999999907
87,20,4.0,9.0,10.0,1.7320508075688623,76.46,0.8739999999999952
87,21,6.0,4.0,7.333333333333333,2.886751345948117,69.755,0.24399999999999977
87,22,10.0,6.0,6.333333333333333,2.516611478423568,113.094,5.159999999999997
87,23,20.0,10.0,6.666666666666667,3.0550504633038815,80.438,1.051000000000002
87,24,12.0,20.0,12.0,7.2111025509279765,83.041,0.8340000000000032
