,DriverNumber,Season,RoundNumber,TeamName,Position,QualiPosition,FastestTime,LastFinish,RollingAverage3,RollingStd3,Delta
0,1,2025,1,Red Bull Racing,2.0,3.0,75.481,10.0,2.0,0.0,0.3849999999999909
1,1,2025,2,Red Bull Racing,4.0,4.0,90.817,2.0,2.0,0.0,0.1759999999999877
2,1,2025,3,Red Bull Racing,1.0,1.0,86.983,4.0,3.0,1.4142135623730951,0.0
3,1,2025,4,Red Bull Racing,6.0,7.0,90.423,1.0,2.333333333333333,1.5275252316519468,0.5820000000000078
4,1,2025,5,Red Bull Racing,2.0,1.0,87.294,6.0,3.6666666666666665,2.516611478423583,0.0
5,1,2025,6,Red Bull Racing,4.0,1.0,86.204,2.0,3.0,2.6457513110645907,0.0
6,1,2025,7,Red Bull Racing,1.0,2.0,74.704,4.0,4.0,2.0,0.0339999999999918
7,1,2025,8,Red Bull Racing,4.0,5.0,70.669,1.0,2.333333333333333,1.527525231651948,0.7150000000000034
8,1,2025,9,Red Bull Racing,10.0,3.0,71.848,4.0,3.0,1.7320508075688776,0.3019999999999925
9,1,2025,10,Red Bull Racing,2.0,2.0,71.059,10.0,5.0,4.582575694955839,0.1599999999999966
10,1,2025,11,Red Bull Racing,20.0,7.0,64.836,2.0,5.333333333333333,4.163331998932264,0.865000000000002
11,1,2025,12,Red Bull Racing,5.0,1.0,84.892,20.0,10.666666666666666,9.018499505645789,0.0
12,1,2025,13,Red Bull Racing,4.0,4.0,100.903,5.0,9.0,9.643650760992957,0.3410000000000082
13,1,2025,14,Red Bull Racing,9.0,8.0,75.547,4.0,9.666666666666666,8.9628864398325,0.6569999999999965
14,1,2025,15,Red Bull Racing,2.0,3.0,68.925,9.0,6.0,2.645751311064594,0.262999999999991
15,1,2025,16,Red Bull Racing,1.0,1.0,78.792,2.0,5.0,3.6055512754639927,0.0
16,1,2025,17,Red Bull Racing,1.0,1.0,101.117,1.0,4.0,4.3588989435406775,0.0
17,1,2025,18,Red Bull Racing,2.0,2.0,89.34,1.0,1.3333333333333333,0.57735026918967,0.1820000000000021
18,1,2025,19,Red Bull Racing,1.0,1.0,92.51,2.0,1.3333333333333333,0.57735026918967,0.0
19,1,2025,20,Red Bull Racing,3.0,5.0,76.07,1.0,1.3333333333333333,0.57735026918967,0.4839999999999946
20,1,2025,21,Red Bull Racing,3.0,16.0,70.403,3.0,2.0,1.0000000000000229,0.8920000000000101
21,1,2025,22,Red Bull Racing,1.0,2.0,108.257,3.0,2.333333333333333,1.15470053837927,0.3230000000000075
22,1,2025,23,Red Bull Racing,1.0,3.0,79.651,1.0,2.333333333333333,1.15470053837927,0.2639999999999958
23,1,2025,24,Red Bull Racing,1.0,1.0,82.207,1.0,1.6666666666666667,1.1547005383792728,0.0
24,4,2025,1,McLaren,1.0,1.0,75.096,10.0,1.0,0.0,0.0
25,4,2025,2,McLaren,2.0,3.0,90.787,1.0,1.0,0.0,0.1460000000000008
26,4,2025,3,McLaren,2.0,2.0,86.995,2.0,1.5,0.7071067811865476,0.0120000000000004
27,4,2025,4,McLaren,3.0,6.0,90.267,2.0,1.6666666666666667,0.5773502691896257,0.4260000000000019
28,4,2025,5,McLaren,4.0,10.0,87.481,3.0,2.333333333333333,0.5773502691896256,0.1869999999999976
29,4,2025,6,McLaren,2.0,2.0,86.269,4.0,3.0,1.0,0.0650000000000119
30,4,2025,7,McLaren,2.0,4.0,74.962,2.0,3.0,1.0,0.2920000000000016
31,4,2025,8,McLaren,1.0,1.0,69.954,2.0,2.6666666666666665,1.1547005383792517,0.0
32,4,2025,9,McLaren,2.0,2.0,71.755,1.0,1.6666666666666667,0.5773502691896253,0.2089999999999889
33,4,2025,10,McLaren,18.0,7.0,71.599,2.0,1.6666666666666667,0.5773502691896253,0.7000000000000028
34,4,2025,11,McLaren,1.0,1.0,63.971,18.0,7.0,9.539392014169456,0.0
35,4,2025,12,McLaren,1.0,3.0,85.01,1.0,7.0,9.539392014169456,0.1180000000000092
36,4,2025,13,McLaren,2.0,1.0,100.562,1.0,6.666666666666667,9.814954576223638,0.0
37,4,2025,14,McLaren,1.0,3.0,74.89,2.0,1.3333333333333333,0.577350269189614,0.0
38,4,2025,15,McLaren,18.0,2.0,68.674,1.0,1.3333333333333333,0.577350269189614,0.0120000000000004
39,4,2025,16,McLaren,2.0,2.0,78.869,18.0,7.0,9.539392014169456,0.0769999999999981
40,4,2025,17,McLaren,7.0,7.0,101.322,2.0,7.0,9.539392014169456,0.2049999999999983
41,4,2025,18,McLaren,3.0,5.0,89.586,7.0,9.0,8.18535277187245,0.4279999999999972
42,4,2025,19,McLaren,2.0,2.0,92.801,3.0,4.0,2.6457513110645845,0.2909999999999968
43,4,2025,20,McLaren,1.0,1.0,75.586,2.0,4.0,2.6457513110645845,0.0
44,4,2025,21,McLaren,1.0,1.0,69.511,1.0,2.0,0.9999999999999792,0.0
45,4,2025,22,McLaren,20.0,1.0,107.934,1.0,1.3333333333333333,0.5773502691895865,0.0
46,4,2025,23,McLaren,4.0,2.0,79.495,20.0,7.333333333333333,10.969655114602888,0.108000000000004
47,4,2025,24,McLaren,3.0,2.0,82.408,4.0,8.333333333333334,10.214368964029708,0.2010000000000076
48,5,2025,1,Kick Sauber,20.0,15.0,76.516,10.0,20.0,0.0,1.4200000000000017
49,5,2025,2,Kick Sauber,14.0,19.0,92.141,20.0,20.0,0.0,1.5
50,5,2025,3,Kick Sauber,19.0,17.0,88.622,14.0,17.0,4.242640687119285,1.6389999999999958
51,5,2025,4,Kick Sauber,18.0,18.0,92.186,19.0,17.666666666666668,3.214550253664318,2.345000000000013
52,5,2025,5,Kick Sauber,18.0,20.0,89.462,18.0,17.0,2.6457513110645907,2.1680000000000064
53,5,2025,6,Kick Sauber,20.0,13.0,87.151,18.0,18.33333333333333,0.5773502691896263,0.9470000000000028
54,5,2025,7,Kick Sauber,18.0,14.0,76.26,20.0,18.666666666666668,1.154700538379251,1.5900000000000034
55,5,2025,8,Kick Sauber,14.0,16.0,71.902,18.0,18.666666666666668,1.154700538379251,1.9480000000000075
56,5,2025,9,Kick Sauber,12.0,12.0,72.756,14.0,17.333333333333332,3.0550504633038926,1.2099999999999935
57,5,2025,10,Kick Sauber,14.0,16.0,72.385,12.0,14.666666666666666,3.0550504633038917,1.4860000000000042
58,5,2025,11,Kick Sauber,8.0,8.0,64.846,14.0,13.333333333333334,1.1547005383792446,0.8750000000000071
59,5,2025,12,Kick Sauber,20.0,17.0,86.446,8.0,11.333333333333334,3.0550504633038917,1.554000000000002
60,5,2025,13,Kick Sauber,9.0,10.0,101.336,20.0,14.0,5.999999999999999,0.7740000000000009
61,5,2025,14,Kick Sauber,6.0,7.0,75.586,9.0,12.333333333333334,6.658328118479392,0.695999999999998
62,5,2025,15,Kick Sauber,15.0,13.0,69.622,6.0,11.666666666666666,7.371114795831993,0.9599999999999936
63,5,2025,16,Kick Sauber,8.0,8.0,79.323,15.0,10.0,4.582575694955838,0.5309999999999917
64,5,2025,17,Kick Sauber,11.0,13.0,102.277,8.0,9.666666666666666,4.725815626252606,1.1599999999999966
65,5,2025,18,Kick Sauber,17.0,14.0,90.82,11.0,11.333333333333334,3.511884584284244,1.661999999999992
66,5,2025,19,Kick Sauber,18.0,16.0,94.125,17.0,12.0,4.582575694955838,1.6149999999999949
67,5,2025,20,Kick Sauber,10.0,16.0,77.412,18.0,15.333333333333334,3.78593889720018,1.826000000000008
68,5,2025,21,Kick Sauber,20.0,20.0,,10.0,15.0,4.358898943540671,
69,5,2025,22,Kick Sauber,20.0,18.0,116.674,20.0,16.0,5.29150262212918,8.740000000000009
70,5,2025,23,Kick Sauber,13.0,14.0,80.534,20.0,16.666666666666668,5.773502691896256,1.1470000000000056
71,5,2025,24,Kick Sauber,11.0,7.0,82.874,13.0,17.666666666666668,4.041451884327377,0.6670000000000016
72,6,2025,1,Racing Bulls,20.0,11.0,76.175,10.0,20.0,0.0,1.0789999999999935
73,6,2025,2,Racing Bulls,11.0,7.0,91.079,20.0,20.0,0.0,0.4379999999999882
74,6,2025,3,Racing Bulls,8.0,7.0,87.569,11.0,15.5,6.363961030678928,0.5859999999999985
75,6,2025,4,Racing Bulls,13.0,12.0,91.271,8.0,13.0,6.244997998398398,1.4300000000000068
76,6,2025,5,Racing Bulls,10.0,14.0,88.418,13.0,10.666666666666666,2.516611478423584,1.1240000000000094
77,6,2025,6,Racing Bulls,11.0,11.0,86.987,10.0,10.333333333333334,2.516611478423584,0.7830000000000013
78,6,2025,7,Racing Bulls,9.0,9.0,75.51,11.0,11.333333333333334,1.5275252316519468,0.8400000000000034
79,6,2025,8,Racing Bulls,6.0,6.0,70.923,9.0,10.0,1.0000000000000004,0.9690000000000084
80,6,2025,9,Racing Bulls,7.0,9.0,72.252,6.0,8.666666666666666,2.516611478423583,0.7059999999999889
81,6,2025,10,Racing Bulls,16.0,9.0,71.867,7.0,7.333333333333333,1.5275252316519456,0.9680000000000036
82,6,2025,11,Racing Bulls,12.0,13.0,65.063,16.0,9.666666666666666,5.507570547286102,1.092000000000006
83,6,2025,12,Racing Bulls,20.0,13.0,85.864,12.0,11.666666666666666,4.509249752822894,0.9720000000000084
84,6,2025,13,Racing Bulls,20.0,8.0,101.281,20.0,16.0,4.0,0.7190000000000083
85,6,2025,14,Racing Bulls,11.0,10.0,75.469,20.0,17.333333333333332,4.618802153517007,0.5789999999999935
86,6,2025,15,Racing Bulls,3.0,4.0,69.208,11.0,17.0,5.196152422706633,0.5459999999999923
87,6,2025,16,Racing Bulls,10.0,16.0,79.917,3.0,11.333333333333334,8.504900548115383,1.125
88,6,2025,17,Racing Bulls,10.0,8.0,101.647,10.0,8.0,4.358898943540673,0.5300000000000011
89,6,2025,18,Racing Bulls,11.0,8.0,89.846,10.0,7.666666666666667,4.041451884327381,0.6880000000000024
90,6,2025,19,Racing Bulls,16.0,20.0,,11.0,10.333333333333334,0.577350269189633,
91,6,2025,20,Racing Bulls,13.0,9.0,76.252,16.0,12.333333333333334,3.2145502536643207,0.6659999999999968
92,6,2025,21,Racing Bulls,8.0,5.0,69.931,13.0,13.333333333333334,2.5166114784235867,0.4200000000000017
93,6,2025,22,Racing Bulls,6.0,8.0,109.554,8.0,12.333333333333334,4.041451884327382,1.6200000000000043
94,6,2025,23,Racing Bulls,18.0,6.0,80.114,6.0,9.0,3.605551275463989,0.7270000000000039
95,6,2025,24,Racing Bulls,17.0,9.0,82.997,18.0,10.666666666666666,6.429100507328638,0.7900000000000063
96,7,2025,1,Alpine,20.0,14.0,76.315,10.0,20.0,0.0,1.218999999999994
97,7,2025,2,Alpine,13.0,18.0,92.092,20.0,20.0,0.0,1.4509999999999934
98,7,2025,3,Alpine,15.0,19.0,88.877,13.0,16.5,4.949747468305833,1.8939999999999912
99,7,2025,4,Alpine,14.0,11.0,91.245,15.0,16.0,3.605551275463989,1.4040000000000106
100,7,2025,5,Alpine,17.0,17.0,88.739,14.0,14.0,1.0,1.4450000000000074
101,7,2025,6,Alpine,20.0,14.0,87.186,17.0,15.333333333333334,1.5275252316519463,0.9820000000000136
102,10,2025,1,Alpine,11.0,9.0,75.98,10.0,11.0,0.0,0.8840000000000003
103,10,2025,2,Alpine,20.0,16.0,91.992,11.0,11.0,0.0,1.350999999999999
104,10,2025,3,Alpine,13.0,11.0,87.822,20.0,15.5,6.363961030678928,0.8389999999999986
105,10,2025,4,Alpine,7.0,5.0,90.216,13.0,14.666666666666666,4.725815626252608,0.375
106,10,2025,5,Alpine,20.0,9.0,88.025,7.0,13.333333333333334,6.506407098647712,0.7310000000000088
107,10,2025,6,Alpine,13.0,18.0,87.71,20.0,13.333333333333334,6.506407098647712,1.5060000000000002
108,10,2025,7,Alpine,13.0,10.0,75.505,13.0,13.333333333333334,6.506407098647712,0.8349999999999937
109,10,2025,8,Alpine,20.0,18.0,71.994,13.0,15.333333333333334,4.041451884327381,2.0400000000000063
110,10,2025,9,Alpine,8.0,8.0,72.199,20.0,15.333333333333334,4.041451884327381,0.6529999999999916
111,10,2025,10,Alpine,15.0,20.0,72.667,8.0,13.666666666666666,6.027713773341708,1.768000000000001
112,10,2025,11,Alpine,13.0,10.0,64.846,15.0,14.333333333333334,6.027713773341708,0.8750000000000071
113,10,2025,12,Alpine,6.0,10.0,85.711,13.0,12.0,3.6055512754639896,0.8190000000000026
114,10,2025,13,Alpine,10.0,13.0,101.633,6.0,11.333333333333334,4.725815626252609,1.070999999999998
115,10,2025,14,Alpine,19.0,17.0,75.966,10.0,9.666666666666666,3.5118845842842474,1.0759999999999934
116,10,2025,15,Alpine,17.0,14.0,69.637,19.0,11.666666666666666,6.658328118479393,0.9749999999999944
117,10,2025,16,Alpine,16.0,19.0,80.103,17.0,15.333333333333334,4.72581562625261,1.3109999999999928
118,10,2025,17,Alpine,18.0,18.0,103.139,16.0,17.333333333333332,1.5275252316519483,2.021999999999992
119,10,2025,18,Alpine,19.0,18.0,91.261,18.0,17.0,1.0000000000000022,2.1029999999999944
120,10,2025,19,Alpine,19.0,14.0,93.599,19.0,17.666666666666668,1.5275252316519476,1.0889999999999986
121,10,2025,20,Alpine,15.0,18.0,77.546,19.0,18.666666666666668,0.5773502691896271,1.960000000000008
122,10,2025,21,Alpine,10.0,9.0,69.857,15.0,17.666666666666668,2.309401076758504,0.3460000000000036
123,10,2025,22,Alpine,13.0,10.0,111.54,10.0,14.666666666666666,4.509249752822894,3.6060000000000088
124,10,2025,23,Alpine,16.0,9.0,80.324,13.0,12.666666666666666,2.516611478423584,0.9369999999999976
125,10,2025,24,Alpine,19.0,19.0,83.468,16.0,13.0,3.0,1.26100000000001
126,12,2025,1,Mercedes,4.0,16.0,76.525,10.0,4.0,0.0,1.429000000000002
127,12,2025,2,Mercedes,6.0,8.0,91.103,4.0,4.0,0.0,0.4619999999999891
128,12,2025,3,Mercedes,6.0,6.0,87.555,6.0,5.0,1.4142135623730951,0.5720000000000027
129,12,2025,4,Mercedes,11.0,4.0,90.213,6.0,5.333333333333333,1.1547005383792517,0.3719999999999999
130,12,2025,5,Mercedes,6.0,5.0,87.798,11.0,7.666666666666667,2.8867513459481287,0.5040000000000049
131,12,2025,6,Mercedes,6.0,3.0,86.271,6.0,7.666666666666667,2.8867513459481287,0.0670000000000072
132,12,2025,7,Mercedes,20.0,13.0,75.772,6.0,7.666666666666667,2.8867513459481287,1.102000000000004
133,12,2025,8,Mercedes,18.0,15.0,71.88,20.0,10.666666666666666,8.082903768654761,1.926000000000002
134,12,2025,9,Mercedes,20.0,6.0,72.111,18.0,14.666666666666666,7.571877794400364,0.5649999999999977
135,12,2025,10,Mercedes,3.0,4.0,71.391,20.0,19.33333333333333,1.1547005383792397,0.4920000000000044
136,12,2025,11,Mercedes,20.0,9.0,65.052,3.0,13.666666666666666,9.291573243177568,1.0810000000000102
137,12,2025,12,Mercedes,20.0,7.0,85.374,20.0,14.333333333333334,9.814954576223638,0.4819999999999993
138,12,2025,13,Mercedes,16.0,18.0,102.139,20.0,14.333333333333334,9.814954576223638,1.5769999999999982
139,12,2025,14,Mercedes,10.0,15.0,75.782,16.0,18.666666666666668,2.3094010767584976,0.8919999999999959
140,12,2025,15,Mercedes,16.0,11.0,69.493,10.0,15.333333333333334,5.0332229568471645,0.8309999999999889
141,12,2025,16,Mercedes,9.0,7.0,79.2,16.0,14.0,3.464101615137752,0.4080000000000012
142,12,2025,17,Mercedes,4.0,4.0,101.464,9.0,11.666666666666666,3.7859388972001793,0.3469999999999942
143,12,2025,18,Mercedes,5.0,4.0,89.537,4.0,9.666666666666666,6.0277137733417065,0.3790000000000049
144,12,2025,19,Mercedes,13.0,7.0,93.044,5.0,6.0,2.6457513110645863,0.5339999999999918
145,12,2025,20,Mercedes,6.0,6.0,76.118,13.0,7.333333333333333,4.932882862316245,0.5319999999999965
146,12,2025,21,Mercedes,2.0,2.0,69.685,6.0,8.0,4.358898943540672,0.1740000000000066
147,12,2025,22,Mercedes,3.0,17.0,116.314,2.0,7.0,5.56776436283002,8.379999999999995
148,12,2025,23,Mercedes,5.0,5.0,79.846,3.0,3.6666666666666665,2.081665999466123,0.4590000000000032
149,12,2025,24,Mercedes,15.0,14.0,82.894,5.0,3.333333333333333,1.5275252316519323,0.6870000000000118
150,14,2025,1,Aston Martin,20.0,12.0,76.288,10.0,20.0,0.0,1.191999999999993
151,14,2025,2,Aston Martin,20.0,13.0,91.688,20.0,20.0,0.0,1.046999999999997
152,14,2025,3,Aston Martin,11.0,13.0,87.897,20.0,20.0,0.0,0.9140000000000016
153,14,2025,4,Aston Martin,15.0,13.0,91.634,11.0,17.0,5.196152422706632,1.7930000000000064
154,14,2025,5,Aston Martin,11.0,13.0,88.303,15.0,15.333333333333334,4.509249752822894,1.0090000000000003
155,14,2025,6,Aston Martin,15.0,17.0,87.604,11.0,12.333333333333334,2.309401076758504,1.4000000000000057
156,14,2025,7,Aston Martin,11.0,5.0,75.431,15.0,13.666666666666666,2.309401076758504,0.7609999999999957
157,14,2025,8,Aston Martin,20.0,7.0,70.924,11.0,12.333333333333334,2.309401076758504,0.9700000000000132
158,14,2025,9,Aston Martin,9.0,10.0,72.284,20.0,15.333333333333334,4.509249752822894,0.7379999999999995
159,14,2025,10,Aston Martin,7.0,6.0,71.586,9.0,13.333333333333334,5.859465277082316,0.6869999999999976
160,14,2025,11,Aston Martin,7.0,11.0,65.128,7.0,12.0,7.0,1.1570000000000036
161,14,2025,12,Aston Martin,9.0,9.0,85.593,7.0,7.666666666666667,1.1547005383792517,0.7010000000000076
162,14,2025,13,Aston Martin,17.0,19.0,102.385,9.0,7.666666666666667,1.1547005383792517,1.8230000000000075
163,14,2025,14,Aston Martin,5.0,5.0,75.281,17.0,11.0,5.291502622129181,0.3910000000000053
164,14,2025,15,Aston Martin,8.0,10.0,69.366,5.0,10.333333333333334,6.110100926607787,0.7039999999999935
165,14,2025,16,Aston Martin,20.0,9.0,79.362,8.0,10.0,6.244997998398398,0.5699999999999932
166,14,2025,17,Aston Martin,15.0,11.0,101.857,20.0,11.0,7.937253933193772,0.7399999999999949
167,14,2025,18,Aston Martin,7.0,10.0,89.955,15.0,14.333333333333334,6.027713773341708,0.796999999999997
168,14,2025,19,Aston Martin,10.0,10.0,93.16,7.0,14.0,6.557438524302,0.6499999999999915
169,14,2025,20,Aston Martin,20.0,14.0,77.103,10.0,10.666666666666666,4.041451884327381,1.516999999999996
170,14,2025,21,Aston Martin,14.0,11.0,70.001,20.0,12.333333333333334,6.8068592855540455,0.4900000000000091
171,14,2025,22,Aston Martin,11.0,7.0,109.466,14.0,14.666666666666666,5.033222956847165,1.5319999999999965
172,14,2025,23,Aston Martin,7.0,8.0,80.219,11.0,15.0,4.582575694955839,0.8319999999999936
173,14,2025,24,Aston Martin,6.0,6.0,82.861,7.0,10.666666666666666,3.511884584284245,0.6540000000000106
174,16,2025,1,Ferrari,8.0,7.0,75.755,10.0,8.0,0.0,0.6589999999999918
175,16,2025,2,Ferrari,20.0,6.0,91.021,8.0,8.0,0.0,0.3799999999999954
176,16,2025,3,Ferrari,4.0,4.0,87.299,20.0,14.0,8.48528137423857,0.3160000000000025
177,16,2025,4,Ferrari,4.0,3.0,90.175,4.0,10.666666666666666,8.32666399786453,0.3340000000000032
178,16,2025,5,Ferrari,3.0,4.0,87.67,4.0,9.333333333333334,9.237604307034012,0.3760000000000048
179,16,2025,6,Ferrari,7.0,8.0,86.754,3.0,3.6666666666666665,0.5773502691896386,0.5500000000000114
180,16,2025,7,Ferrari,6.0,11.0,75.604,7.0,4.666666666666667,2.081665999466136,0.9339999999999976
181,16,2025,8,Ferrari,2.0,2.0,70.063,6.0,5.333333333333333,2.081665999466136,0.1090000000000088
182,16,2025,9,Ferrari,3.0,7.0,72.131,2.0,5.0,2.6457513110645934,0.5849999999999937
183,16,2025,10,Ferrari,5.0,8.0,71.626,3.0,3.6666666666666665,2.081665999466136,0.7270000000000039
184,16,2025,11,Ferrari,3.0,2.0,64.492,5.0,3.333333333333333,1.5275252316519512,0.5210000000000079
185,16,2025,12,Ferrari,14.0,6.0,85.121,3.0,3.6666666666666665,1.1547005383792577,0.2289999999999992
186,16,2025,13,Ferrari,3.0,3.0,100.9,14.0,7.333333333333333,5.859465277082316,0.338000000000008
187,16,2025,14,Ferrari,4.0,1.0,75.372,3.0,6.666666666666667,6.350852961085884,0.4819999999999993
188,16,2025,15,Ferrari,20.0,6.0,69.304,4.0,7.0,6.08276253029822,0.6419999999999959
189,16,2025,16,Ferrari,4.0,4.0,79.007,20.0,9.0,9.539392014169456,0.2150000000000034
190,16,2025,17,Ferrari,9.0,10.0,101.458,4.0,9.333333333333334,9.237604307034012,0.340999999999994
191,16,2025,18,Ferrari,6.0,7.0,89.784,9.0,11.0,8.18535277187245,0.6260000000000048
192,16,2025,19,Ferrari,3.0,3.0,92.807,6.0,6.333333333333333,2.516611478423583,0.296999999999997
193,16,2025,20,Ferrari,2.0,2.0,75.848,3.0,6.0,3.0,0.2620000000000004
194,16,2025,21,Ferrari,20.0,3.0,69.801,2.0,3.6666666666666665,2.0816659994661326,0.2900000000000062
195,16,2025,22,Ferrari,4.0,9.0,109.872,20.0,8.333333333333334,10.11599393699568,1.9380000000000024
196,16,2025,23,Ferrari,8.0,10.0,80.343,4.0,8.666666666666666,9.865765724632496,0.9560000000000032
197,16,2025,24,Ferrari,4.0,5.0,82.73,8.0,10.666666666666666,8.326663997864532,0.5230000000000103
198,18,2025,1,Aston Martin,6.0,13.0,76.369,10.0,6.0,0.0,1.272999999999996
199,18,2025,2,Aston Martin,9.0,14.0,91.773,6.0,6.0,0.0,1.1319999999999908
200,18,2025,3,Aston Martin,20.0,20.0,89.271,9.0,7.5,2.1213203435596424,2.2879999999999967
201,18,2025,4,Aston Martin,17.0,19.0,92.283,20.0,11.666666666666666,7.371114795831994,2.4420000000000077
202,18,2025,5,Aston Martin,16.0,16.0,88.645,17.0,15.333333333333334,5.686240703077325,1.350999999999999
203,18,2025,6,Aston Martin,16.0,19.0,87.83,16.0,17.666666666666668,2.081665999466128,1.6260000000000048
204,18,2025,7,Aston Martin,15.0,8.0,75.497,16.0,16.333333333333332,0.5773502691896101,0.8269999999999982
205,18,2025,8,Aston Martin,15.0,19.0,72.563,15.0,15.666666666666666,0.5773502691896083,2.609000000000009
206,18,2025,10,Aston Martin,17.0,18.0,72.517,15.0,15.333333333333334,0.5773502691896083,1.617999999999995
207,18,2025,11,Aston Martin,14.0,16.0,65.329,17.0,15.666666666666666,1.154700538379243,1.357999999999997
208,18,2025,12,Aston Martin,7.0,18.0,86.504,14.0,15.333333333333334,1.5275252316519403,1.612000000000009
209,18,2025,13,Aston Martin,14.0,20.0,102.502,7.0,12.666666666666666,5.131601439446882,1.9399999999999975
210,18,2025,14,Aston Martin,7.0,6.0,75.129,14.0,11.666666666666666,4.041451884327378,0.2390000000000043
211,18,2025,15,Aston Martin,7.0,20.0,,7.0,9.333333333333334,4.041451884327378,
212,18,2025,16,Aston Martin,18.0,17.0,79.948,7.0,9.333333333333334,4.041451884327378,1.1559999999999917
213,18,2025,17,Aston Martin,17.0,14.0,102.101,18.0,10.666666666666666,6.350852961085882,0.9839999999999948
214,18,2025,18,Aston Martin,13.0,15.0,90.949,17.0,14.0,6.082762530298218,1.7909999999999968
215,18,2025,19,Aston Martin,12.0,18.0,94.54,13.0,16.0,2.645751311064584,2.030000000000001
216,18,2025,20,Aston Martin,14.0,19.0,77.606,12.0,14.0,2.645751311064588,2.019999999999996
217,18,2025,21,Aston Martin,16.0,14.0,70.041,14.0,13.0,0.9999999999999978,0.5300000000000011
218,18,2025,22,Aston Martin,20.0,12.0,112.85,16.0,14.0,1.999999999999996,4.915999999999997
219,18,2025,23,Aston Martin,17.0,19.0,81.058,20.0,16.666666666666668,3.055050463303885,1.6710000000000065
220,18,2025,24,Aston Martin,10.0,15.0,83.097,17.0,17.666666666666668,2.081665999466118,0.8900000000000006
221,22,2025,1,Racing Bulls,12.0,5.0,75.67,10.0,12.0,0.0,0.5739999999999981
222,22,2025,2,Racing Bulls,16.0,9.0,91.238,12.0,12.0,0.0,0.5969999999999942
223,22,2025,3,Red Bull Racing,12.0,15.0,87.967,16.0,14.0,2.8284271247461903,0.9839999999999948
224,22,2025,4,Red Bull Racing,9.0,10.0,91.228,12.0,13.333333333333334,2.309401076758504,1.3870000000000005
225,22,2025,5,Red Bull Racing,20.0,8.0,87.99,9.0,12.333333333333334,3.5118845842842465,0.695999999999998
226,22,2025,6,Red Bull Racing,10.0,10.0,86.943,20.0,13.666666666666666,5.686240703077328,0.7390000000000043
227,22,2025,7,Red Bull Racing,10.0,20.0,,10.0,13.0,6.082762530298221,
228,22,2025,8,Red Bull Racing,17.0,12.0,71.415,10.0,13.333333333333334,5.773502691896259,1.4610000000000127
229,22,2025,9,Red Bull Racing,13.0,20.0,73.385,17.0,12.333333333333334,4.041451884327383,1.8389999999999984
230,22,2025,10,Red Bull Racing,12.0,11.0,72.102,13.0,13.333333333333334,3.511884584284249,1.203000000000003
231,22,2025,11,Red Bull Racing,16.0,18.0,65.369,12.0,14.0,2.645751311064594,1.3980000000000032
232,22,2025,12,Red Bull Racing,15.0,12.0,85.826,16.0,13.666666666666666,2.081665999466137,0.9339999999999976
233,22,2025,13,Red Bull Racing,13.0,7.0,101.245,15.0,14.333333333333334,2.081665999466137,0.6830000000000069
234,22,2025,14,Red Bull Racing,17.0,16.0,75.899,13.0,14.666666666666666,1.5275252316519523,1.0090000000000003
235,22,2025,15,Red Bull Racing,9.0,12.0,69.622,17.0,15.0,2.000000000000004,0.9599999999999936
236,22,2025,16,Red Bull Racing,13.0,10.0,79.433,9.0,13.0,4.000000000000002,0.6410000000000053
237,22,2025,17,Red Bull Racing,6.0,6.0,101.788,13.0,13.0,4.000000000000002,0.6709999999999923
238,22,2025,18,Red Bull Racing,12.0,13.0,90.353,6.0,9.333333333333334,3.5118845842842488,1.1949999999999932
239,22,2025,19,Red Bull Racing,7.0,13.0,93.466,12.0,10.333333333333334,3.785938897200184,0.9559999999999887
240,22,2025,20,Red Bull Racing,11.0,11.0,76.816,7.0,8.333333333333334,3.214550253664321,1.230000000000004
241,22,2025,21,Red Bull Racing,17.0,19.0,70.711,11.0,10.0,2.645751311064594,1.2000000000000028
242,22,2025,22,Red Bull Racing,12.0,19.0,116.798,17.0,11.666666666666666,5.033222956847168,8.864000000000004
243,22,2025,23,Red Bull Racing,10.0,16.0,80.761,12.0,13.333333333333334,3.214550253664321,1.3739999999999952
244,22,2025,24,Red Bull Racing,14.0,10.0,83.034,10.0,13.0,3.605551275463992,0.8270000000000124
245,23,2025,1,Williams,5.0,6.0,75.737,10.0,5.0,0.0,0.6409999999999911
246,23,2025,2,Williams,7.0,10.0,91.503,5.0,5.0,0.0,0.8619999999999948
247,23,2025,3,Williams,9.0,9.0,87.615,7.0,6.0,1.4142135623730951,0.6319999999999908
248,23,2025,4,Williams,12.0,15.0,92.04,9.0,7.0,2.0,2.1990000000000123
249,23,2025,5,Williams,9.0,11.0,88.109,12.0,9.333333333333334,2.516611478423583,0.8149999999999977
250,23,2025,6,Williams,5.0,7.0,86.682,9.0,10.0,1.7320508075688767,0.4780000000000086
251,23,2025,7,Williams,5.0,7.0,75.473,5.0,8.666666666666666,3.5118845842842457,0.8029999999999973
252,23,2025,8,Williams,9.0,10.0,70.732,5.0,6.333333333333333,2.3094010767585016,0.7780000000000058
253,23,2025,9,Williams,20.0,11.0,72.641,9.0,6.333333333333333,2.3094010767585016,1.0949999999999989
254,23,2025,10,Williams,20.0,10.0,71.892,20.0,11.333333333333334,7.767453465154029,0.992999999999995
255,23,2025,11,Williams,20.0,12.0,65.143,20.0,16.333333333333332,6.350852961085885,1.172000000000004
256,23,2025,12,Williams,8.0,14.0,85.889,20.0,20.0,0.0,0.997
257,23,2025,13,Williams,6.0,5.0,101.201,8.0,16.0,6.928203230275511,0.6389999999999958
258,23,2025,14,Williams,15.0,20.0,76.223,6.0,11.333333333333334,7.571877794400367,1.3329999999999984
259,23,2025,15,Williams,5.0,15.0,69.652,15.0,9.666666666666666,4.725815626252611,0.9899999999999948
260,23,2025,16,Williams,7.0,14.0,79.583,5.0,8.666666666666666,5.507570547286105,0.7909999999999968
261,23,2025,17,Williams,13.0,19.0,103.778,7.0,9.0,5.291502622129184,2.6610000000000014
262,23,2025,18,Williams,14.0,19.0,90.202,13.0,8.333333333333334,4.163331998932269,1.043999999999997
263,23,2025,19,Williams,14.0,19.0,94.69,14.0,11.333333333333334,3.785938897200184,2.1799999999999926
264,23,2025,20,Williams,12.0,17.0,77.49,14.0,13.666666666666666,0.57735026918962,1.9039999999999964
265,23,2025,21,Williams,11.0,12.0,70.053,12.0,13.333333333333334,1.1547005383792497,0.5420000000000016
266,23,2025,22,Williams,20.0,16.0,116.22,11.0,12.333333333333334,1.5275252316519474,8.286000000000001
267,23,2025,23,Williams,11.0,15.0,80.629,20.0,14.333333333333334,4.932882862316246,1.2420000000000044
268,23,2025,24,Williams,16.0,17.0,83.416,11.0,14.0,5.196152422706631,1.2090000000000032
269,27,2025,1,Kick Sauber,7.0,17.0,76.579,10.0,7.0,0.0,1.48299999999999
270,27,2025,2,Kick Sauber,15.0,12.0,91.632,7.0,7.0,0.0,0.9909999999999995
271,27,2025,3,Kick Sauber,16.0,16.0,88.57,15.0,11.0,5.656854249492381,1.586999999999989
272,27,2025,4,Kick Sauber,20.0,16.0,92.067,16.0,12.666666666666666,4.932882862316248,2.225999999999999
273,27,2025,5,Kick Sauber,15.0,18.0,88.782,20.0,17.0,2.645751311064591,1.4879999999999995
274,27,2025,6,Kick Sauber,14.0,16.0,87.473,15.0,17.0,2.645751311064591,1.2690000000000057
275,27,2025,7,Kick Sauber,12.0,17.0,76.518,14.0,16.333333333333332,3.214550253664319,1.847999999999999
276,27,2025,8,Kick Sauber,16.0,13.0,71.596,12.0,13.666666666666666,1.5275252316519448,1.64200000000001
277,27,2025,9,Kick Sauber,5.0,16.0,73.19,16.0,14.0,1.9999999999999984,1.6439999999999912
278,27,2025,10,Kick Sauber,8.0,13.0,72.183,5.0,11.0,5.5677643628300215,1.284000000000006
279,27,2025,11,Kick Sauber,9.0,20.0,65.606,8.0,9.666666666666666,5.686240703077327,1.634999999999998
280,27,2025,12,Kick Sauber,3.0,19.0,86.574,9.0,7.333333333333333,2.0816659994661317,1.6820000000000022
281,27,2025,13,Kick Sauber,12.0,14.0,101.707,3.0,6.666666666666667,3.2145502536643176,1.144999999999996
282,27,2025,14,Kick Sauber,13.0,19.0,76.081,12.0,8.0,4.58257569495584,1.1910000000000025
283,27,2025,15,Kick Sauber,14.0,17.0,70.195,13.0,9.333333333333334,5.507570547286101,1.532999999999987
284,27,2025,16,Kick Sauber,20.0,12.0,79.498,14.0,13.0,0.9999999999999964,0.7060000000000031
285,27,2025,17,Kick Sauber,16.0,17.0,102.916,20.0,15.666666666666666,3.785938897200182,1.7989999999999924
286,27,2025,18,Kick Sauber,20.0,11.0,90.141,16.0,16.666666666666668,3.055050463303893,0.983000000000004
287,27,2025,19,Kick Sauber,8.0,11.0,93.334,20.0,18.666666666666668,2.3094010767585016,0.8239999999999981
288,27,2025,20,Kick Sauber,20.0,13.0,77.016,8.0,14.666666666666666,6.110100926607786,1.4300000000000068
289,27,2025,21,Kick Sauber,9.0,10.0,69.985,20.0,16.0,6.928203230275508,0.4740000000000037
290,27,2025,22,Kick Sauber,7.0,11.0,112.781,9.0,12.333333333333334,6.658328118479392,4.847000000000008
291,27,2025,23,Kick Sauber,20.0,11.0,80.353,7.0,12.0,6.999999999999999,0.965999999999994
292,27,2025,24,Kick Sauber,9.0,18.0,83.45,20.0,12.0,6.999999999999999,1.2430000000000092
293,30,2025,1,Red Bull Racing,20.0,18.0,77.094,10.0,20.0,0.0,1.9979999999999905
294,30,2025,2,Red Bull Racing,12.0,20.0,92.174,20.0,20.0,0.0,1.5330000000000013
295,30,2025,3,Racing Bulls,17.0,14.0,87.906,12.0,16.0,5.656854249492381,0.9230000000000018
296,30,2025,4,Racing Bulls,16.0,17.0,92.165,17.0,16.333333333333332,4.041451884327381,2.3240000000000123
297,30,2025,5,Racing Bulls,12.0,12.0,88.191,16.0,15.0,2.6457513110645903,0.8970000000000056
298,30,2025,6,Racing Bulls,20.0,15.0,87.363,12.0,15.0,2.6457513110645903,1.159000000000006
299,30,2025,7,Racing Bulls,14.0,16.0,76.379,20.0,16.0,4.0,1.7090000000000032
300,30,2025,8,Racing Bulls,8.0,9.0,71.129,14.0,15.333333333333334,4.163331998932265,1.1750000000000114
301,30,2025,9,Racing Bulls,11.0,13.0,72.763,8.0,14.0,5.999999999999999,1.2169999999999987
302,30,2025,10,Racing Bulls,20.0,19.0,72.525,11.0,11.0,2.999999999999996,1.6260000000000048
303,30,2025,11,Racing Bulls,6.0,6.0,64.926,20.0,13.0,6.244997998398397,0.9550000000000054
304,30,2025,12,Racing Bulls,20.0,16.0,86.44,6.0,12.333333333333334,7.094598884597586,1.5480000000000018
305,30,2025,13,Racing Bulls,8.0,9.0,101.297,20.0,15.333333333333334,8.082903768654761,0.7349999999999994
306,30,2025,14,Racing Bulls,8.0,9.0,75.63,8.0,11.333333333333334,7.571877794400362,0.7399999999999949
307,30,2025,15,Racing Bulls,12.0,8.0,69.383,8.0,12.0,6.928203230275507,0.7209999999999894
308,30,2025,16,Racing Bulls,14.0,20.0,80.279,12.0,9.333333333333334,2.309401076758492,1.4869999999999948
309,30,2025,17,Racing Bulls,5.0,3.0,101.537,14.0,11.333333333333334,3.055050463303886,0.4200000000000017
310,30,2025,18,Racing Bulls,15.0,12.0,90.32,5.0,10.333333333333334,4.725815626252603,1.161999999999992
311,30,2025,19,Racing Bulls,11.0,12.0,93.36,15.0,11.333333333333334,5.507570547286098,0.8499999999999943
312,30,2025,20,Racing Bulls,20.0,15.0,76.961,11.0,10.333333333333334,5.033222956847162,1.375
313,30,2025,21,Racing Bulls,7.0,7.0,69.95,20.0,15.333333333333334,4.509249752822891,0.4390000000000071
314,30,2025,22,Racing Bulls,14.0,6.0,109.062,7.0,12.666666666666666,6.658328118479391,1.128
315,30,2025,23,Racing Bulls,9.0,12.0,80.433,14.0,13.666666666666666,6.506407098647709,1.0460000000000065
316,30,2025,24,Racing Bulls,18.0,13.0,83.077,9.0,10.0,3.605551275463984,0.8700000000000045
317,31,2025,1,Haas F1 Team,13.0,19.0,77.147,10.0,13.0,0.0,2.051000000000002
318,31,2025,2,Haas F1 Team,5.0,11.0,91.625,13.0,13.0,0.0,0.9839999999999948
319,31,2025,3,Haas F1 Team,18.0,18.0,88.696,5.0,9.0,5.656854249492381,1.712999999999994
320,31,2025,4,Haas F1 Team,8.0,14.0,91.594,18.0,12.0,6.557438524302,1.753
321,31,2025,5,Haas F1 Team,14.0,19.0,89.092,8.0,10.333333333333334,6.8068592855540455,1.7980000000000018
322,31,2025,6,Haas F1 Team,12.0,9.0,86.824,14.0,13.333333333333334,5.033222956847166,0.6200000000000045
323,31,2025,7,Haas F1 Team,20.0,18.0,76.613,12.0,11.333333333333334,3.055050463303893,1.9429999999999976
324,31,2025,8,Haas F1 Team,7.0,8.0,70.942,20.0,15.333333333333334,4.163331998932265,0.9879999999999995
325,31,2025,9,Haas F1 Team,16.0,17.0,73.201,7.0,13.0,6.557438524302,1.654999999999987
326,31,2025,10,Haas F1 Team,9.0,15.0,72.378,16.0,14.333333333333334,6.6583281184793925,1.4789999999999992
327,31,2025,11,Haas F1 Team,10.0,17.0,65.364,9.0,10.666666666666666,4.725815626252608,1.3930000000000078
328,31,2025,12,Haas F1 Team,13.0,15.0,85.95,10.0,11.666666666666666,3.785938897200182,1.058000000000007
329,31,2025,13,Haas F1 Team,15.0,11.0,101.525,13.0,10.666666666666666,2.0816659994661317,0.963000000000008
330,31,2025,14,Haas F1 Team,16.0,18.0,76.023,15.0,12.666666666666666,2.5166114784235822,1.1329999999999956
331,31,2025,15,Haas F1 Team,10.0,18.0,70.197,16.0,14.666666666666666,1.5275252316519456,1.5349999999999966
332,31,2025,16,Haas F1 Team,15.0,15.0,79.707,10.0,13.666666666666666,3.214550253664318,0.914999999999992
333,31,2025,17,Haas F1 Team,14.0,20.0,103.004,15.0,13.666666666666666,3.214550253664318,1.8870000000000005
334,31,2025,18,Haas F1 Team,18.0,17.0,90.989,14.0,13.0,2.64575131106459,1.831000000000003
335,31,2025,19,Haas F1 Team,15.0,17.0,94.136,18.0,15.666666666666666,2.081665999466132,1.6259999999999906
336,31,2025,20,Haas F1 Team,9.0,12.0,76.837,15.0,15.666666666666666,2.081665999466132,1.2510000000000048
337,31,2025,21,Haas F1 Team,12.0,17.0,70.438,9.0,14.0,4.58257569495584,0.9270000000000068
338,31,2025,22,Haas F1 Team,9.0,13.0,112.987,12.0,12.0,3.0,5.052999999999997
339,31,2025,23,Haas F1 Team,15.0,17.0,80.864,9.0,10.0,1.7320508075688763,1.477000000000004
340,31,2025,24,Haas F1 Team,7.0,8.0,82.913,15.0,12.0,3.0,0.7060000000000031
341,43,2025,7,Alpine,16.0,15.0,76.256,10.0,16.0,0.0,1.5859999999999983
342,43,2025,8,Alpine,13.0,20.0,72.597,16.0,16.0,0.0,2.6430000000000007
343,43,2025,9,Alpine,15.0,19.0,73.334,13.0,14.5,2.1213203435596424,1.7879999999999967
344,43,2025,10,Alpine,13.0,12.0,72.142,15.0,14.666666666666666,1.5275252316519468,1.242999999999995
345,43,2025,11,Alpine,15.0,14.0,65.278,13.0,13.666666666666666,1.1547005383792512,1.3070000000000093
346,43,2025,12,Alpine,20.0,20.0,87.06,15.0,14.333333333333334,1.1547005383792512,2.1680000000000064
347,43,2025,13,Alpine,19.0,17.0,102.022,20.0,16.0,3.605551275463989,1.460000000000008
348,43,2025,14,Alpine,18.0,14.0,75.875,19.0,18.0,2.6457513110645907,0.9849999999999994
349,43,2025,15,Alpine,11.0,16.0,70.104,18.0,19.0,1.0,1.441999999999993
350,43,2025,16,Alpine,17.0,18.0,79.992,11.0,16.0,4.358898943540674,1.2000000000000028
351,43,2025,17,Alpine,19.0,16.0,102.779,17.0,15.333333333333334,3.7859388972001824,1.661999999999992
352,43,2025,18,Alpine,16.0,16.0,90.982,19.0,15.666666666666666,4.163331998932266,1.823999999999998
353,43,2025,19,Alpine,17.0,15.0,94.039,16.0,17.333333333333332,1.5275252316519474,1.5289999999999964
354,43,2025,20,Alpine,16.0,20.0,77.67,17.0,17.333333333333332,1.5275252316519474,2.084000000000003
355,43,2025,21,Alpine,15.0,18.0,70.632,16.0,16.333333333333332,0.5773502691896263,1.121000000000009
356,43,2025,22,Alpine,15.0,15.0,113.683,15.0,16.0,1.0000000000000004,5.749000000000009
357,43,2025,23,Alpine,14.0,20.0,81.137,15.0,15.333333333333334,0.5773502691896266,1.75
358,43,2025,24,Alpine,20.0,20.0,83.89,14.0,14.666666666666666,0.5773502691896266,1.683000000000007
359,44,2025,1,Ferrari,10.0,8.0,75.919,10.0,10.0,0.0,0.8229999999999933
360,44,2025,2,Ferrari,20.0,5.0,90.927,10.0,10.0,0.0,0.2860000000000013
361,44,2025,3,Ferrari,7.0,8.0,87.61,20.0,15.0,7.071067811865476,0.6269999999999953
362,44,2025,4,Ferrari,5.0,9.0,90.772,7.0,12.333333333333334,6.8068592855540455,0.9310000000000116
363,44,2025,5,Ferrari,7.0,7.0,88.102,5.0,10.666666666666666,8.144527815247077,0.8080000000000069
364,44,2025,6,Ferrari,8.0,12.0,87.006,7.0,6.333333333333333,1.1547005383792457,0.8020000000000067
365,44,2025,7,Ferrari,4.0,12.0,75.765,8.0,6.666666666666667,1.527525231651942,1.0949999999999989
366,44,2025,8,Ferrari,5.0,4.0,70.382,4.0,6.333333333333333,2.081665999466129,0.4280000000000115
367,44,2025,9,Ferrari,6.0,5.0,72.045,5.0,5.666666666666667,2.081665999466129,0.4989999999999952
368,44,2025,10,Ferrari,6.0,5.0,71.526,6.0,5.0,0.9999999999999925,0.6269999999999953
369,44,2025,11,Ferrari,4.0,4.0,64.582,6.0,5.666666666666667,0.5773502691896126,0.6109999999999971
370,44,2025,12,Ferrari,4.0,5.0,85.084,4.0,5.333333333333333,1.1547005383792448,0.1920000000000072
371,44,2025,13,Ferrari,7.0,16.0,101.939,4.0,4.666666666666667,1.1547005383792448,1.3769999999999951
372,44,2025,14,Ferrari,12.0,12.0,75.702,7.0,5.0,1.732050807568873,0.8119999999999976
373,44,2025,15,Ferrari,20.0,7.0,69.261,12.0,7.666666666666667,4.041451884327379,0.5989999999999895
374,44,2025,16,Ferrari,6.0,5.0,79.124,20.0,13.0,6.557438524302,0.3319999999999936
375,44,2025,17,Ferrari,8.0,12.0,101.821,6.0,12.666666666666666,7.023769168568491,0.7039999999999935
376,44,2025,18,Ferrari,8.0,6.0,89.688,8.0,11.333333333333334,7.571877794400364,0.5300000000000011
377,44,2025,19,Ferrari,4.0,5.0,92.912,8.0,7.333333333333333,1.1547005383792452,0.402000000000001
378,44,2025,20,Ferrari,8.0,3.0,75.938,4.0,6.666666666666667,2.3094010767585,0.3520000000000038
379,44,2025,21,Ferrari,20.0,13.0,70.016,8.0,6.666666666666667,2.3094010767585,0.5050000000000097
380,44,2025,22,Ferrari,8.0,20.0,117.115,20.0,10.666666666666666,8.32666399786453,9.180999999999996
381,44,2025,23,Ferrari,12.0,18.0,80.907,8.0,12.0,6.928203230275508,1.519999999999996
382,44,2025,24,Ferrari,8.0,16.0,83.394,12.0,13.333333333333334,6.110100926607784,1.1870000000000118
383,55,2025,1,Williams,20.0,10.0,75.931,10.0,20.0,0.0,0.8349999999999937
384,55,2025,2,Williams,10.0,15.0,91.628,20.0,20.0,0.0,0.9869999999999948
385,55,2025,3,Williams,14.0,12.0,87.836,10.0,15.0,7.071067811865476,0.8529999999999944
386,55,2025,4,Williams,20.0,8.0,90.68,14.0,14.666666666666666,5.033222956847166,0.8390000000000128
387,55,2025,5,Williams,8.0,6.0,88.024,20.0,14.666666666666666,5.033222956847166,0.730000000000004
388,55,2025,6,Williams,9.0,6.0,86.569,8.0,14.0,6.0,0.3650000000000091
389,55,2025,7,Williams,8.0,6.0,75.198,9.0,12.333333333333334,6.658328118479393,0.5279999999999916
390,55,2025,8,Williams,10.0,11.0,71.362,8.0,8.333333333333334,0.5773502691896321,1.4080000000000013
391,55,2025,9,Williams,14.0,18.0,73.203,10.0,9.0,1.0000000000000036,1.6569999999999965
392,55,2025,10,Williams,10.0,17.0,72.398,14.0,10.666666666666666,3.055050463303895,1.4989999999999952
393,55,2025,11,Williams,20.0,19.0,65.582,10.0,11.333333333333334,2.3094010767585056,1.610999999999997
394,55,2025,12,Williams,12.0,11.0,85.746,20.0,14.666666666666666,5.033222956847168,0.8539999999999992
395,55,2025,13,Williams,18.0,15.0,101.691,12.0,14.0,5.291502622129182,1.1290000000000049
396,55,2025,14,Williams,14.0,13.0,75.652,18.0,16.666666666666668,4.163331998932267,0.7620000000000005
397,55,2025,15,Williams,13.0,9.0,69.472,14.0,14.666666666666666,3.0550504633038966,0.8099999999999881
398,55,2025,16,Williams,11.0,13.0,79.528,13.0,15.0,2.645751311064594,0.7360000000000042
399,55,2025,17,Williams,3.0,2.0,101.595,11.0,12.666666666666666,1.5275252316519523,0.4779999999999944
400,55,2025,18,Williams,10.0,20.0,90.235,3.0,9.0,5.291502622129183,1.0769999999999982
401,55,2025,19,Williams,20.0,9.0,93.124,10.0,8.0,4.358898943540676,0.6139999999999901
402,55,2025,20,Williams,17.0,7.0,76.172,20.0,11.0,8.544003745317532,0.5859999999999985
403,55,2025,21,Williams,13.0,15.0,70.184,17.0,15.666666666666666,5.131601439446886,0.6730000000000018
404,55,2025,22,Williams,5.0,3.0,108.296,13.0,16.666666666666668,3.511884584284249,0.362000000000009
405,55,2025,23,Williams,3.0,7.0,80.251,5.0,11.666666666666666,6.11010092660779,0.8640000000000043
406,55,2025,24,Williams,13.0,12.0,83.042,3.0,7.0,5.291502622129187,0.835000000000008
407,63,2025,1,Mercedes,3.0,4.0,75.546,10.0,3.0,0.0,0.4500000000000028
408,63,2025,2,Mercedes,3.0,2.0,90.723,3.0,3.0,0.0,0.0819999999999936
409,63,2025,3,Mercedes,5.0,5.0,87.318,3.0,3.0,0.0,0.3349999999999937
410,63,2025,4,Mercedes,2.0,2.0,90.009,5.0,3.6666666666666665,1.1547005383792517,0.1680000000000063
411,63,2025,5,Mercedes,5.0,3.0,87.407,2.0,3.333333333333333,1.5275252316519468,0.1129999999999995
412,63,2025,6,Mercedes,3.0,5.0,86.385,5.0,4.0,1.7320508075688774,0.1810000000000116
413,63,2025,7,Mercedes,7.0,3.0,74.807,3.0,3.333333333333333,1.5275252316519468,0.1370000000000004
414,63,2025,8,Mercedes,11.0,14.0,71.507,7.0,5.0,2.0,1.5530000000000117
415,63,2025,9,Mercedes,4.0,4.0,71.848,11.0,7.0,4.0,0.3019999999999925
416,63,2025,10,Mercedes,1.0,1.0,70.899,4.0,7.333333333333333,3.511884584284246,0.0
417,63,2025,11,Mercedes,5.0,5.0,64.763,1.0,5.333333333333333,5.131601439446884,0.7920000000000087
418,63,2025,12,Mercedes,10.0,4.0,85.029,5.0,3.333333333333333,2.081665999466133,0.1370000000000004
419,63,2025,13,Mercedes,5.0,6.0,101.254,10.0,5.333333333333333,4.509249752822894,0.6920000000000073
420,63,2025,14,Mercedes,3.0,4.0,75.201,5.0,6.666666666666667,2.886751345948128,0.3109999999999928
421,63,2025,15,Mercedes,4.0,5.0,69.255,3.0,6.0,3.6055512754639887,0.5929999999999893
422,63,2025,16,Mercedes,5.0,6.0,79.157,4.0,4.0,0.9999999999999972,0.3649999999999949
423,63,2025,17,Mercedes,2.0,5.0,101.455,5.0,4.0,0.9999999999999972,0.3379999999999938
424,63,2025,18,Mercedes,1.0,1.0,89.158,2.0,3.6666666666666665,1.5275252316519448,0.0
425,63,2025,19,Mercedes,6.0,4.0,92.826,1.0,2.6666666666666665,2.0816659994661317,0.3159999999999883
426,63,2025,20,Mercedes,7.0,4.0,76.034,6.0,3.0,2.6457513110645894,0.4480000000000075
427,63,2025,21,Mercedes,4.0,6.0,69.88,7.0,4.666666666666667,3.214550253664317,0.3689999999999998
428,63,2025,22,Mercedes,2.0,4.0,108.803,4.0,5.666666666666667,1.527525231651944,0.8689999999999998
429,63,2025,23,Mercedes,6.0,4.0,79.662,2.0,4.333333333333333,2.516611478423582,0.2750000000000057
430,63,2025,24,Mercedes,5.0,4.0,82.645,6.0,4.0,1.9999999999999976,0.4380000000000024
431,81,2025,1,McLaren,9.0,2.0,75.18,10.0,9.0,0.0,0.0840000000000031
432,81,2025,2,McLaren,1.0,1.0,90.641,9.0,9.0,0.0,0.0
433,81,2025,3,McLaren,3.0,3.0,87.027,1.0,5.0,5.656854249492381,0.0439999999999969
434,81,2025,4,McLaren,1.0,1.0,89.841,3.0,4.333333333333333,4.163331998932265,0.0
435,81,2025,5,McLaren,1.0,2.0,87.304,1.0,1.6666666666666667,1.15470053837925,0.0100000000000051
436,81,2025,6,McLaren,1.0,4.0,86.269,1.0,1.6666666666666667,1.15470053837925,0.0650000000000119
437,81,2025,7,McLaren,3.0,1.0,74.67,1.0,1.0,0.0,0.0
438,81,2025,8,McLaren,3.0,3.0,70.129,3.0,1.6666666666666667,1.1547005383792497,0.1750000000000113
439,81,2025,9,McLaren,1.0,1.0,71.546,3.0,2.333333333333333,1.15470053837925,0.0
440,81,2025,10,McLaren,4.0,3.0,71.12,1.0,2.333333333333333,1.15470053837925,0.2210000000000036
441,81,2025,11,McLaren,2.0,3.0,64.554,4.0,2.6666666666666665,1.5275252316519454,0.5830000000000055
442,81,2025,12,McLaren,2.0,2.0,84.995,2.0,2.333333333333333,1.5275252316519454,0.1030000000000086
443,81,2025,13,McLaren,1.0,2.0,100.626,2.0,2.6666666666666665,1.1547005383792497,0.0640000000000071
444,81,2025,14,McLaren,2.0,2.0,74.941,1.0,1.6666666666666667,0.577350269189622,0.0510000000000019
445,81,2025,15,McLaren,1.0,1.0,68.662,2.0,1.6666666666666667,0.577350269189622,0.0
446,81,2025,16,McLaren,3.0,3.0,78.982,1.0,1.3333333333333333,0.5773502691896218,0.1899999999999977
447,81,2025,17,McLaren,20.0,9.0,101.414,3.0,2.0,0.9999999999999978,0.296999999999997
448,81,2025,18,McLaren,4.0,3.0,89.524,20.0,8.0,10.44030650891055,0.3659999999999996
449,81,2025,19,McLaren,5.0,6.0,93.084,4.0,9.0,9.539392014169456,0.5739999999999981
450,81,2025,20,McLaren,5.0,8.0,76.174,5.0,9.666666666666666,8.962886439832502,0.5880000000000081
451,81,2025,21,McLaren,5.0,4.0,69.835,5.0,4.666666666666667,0.5773502691896137,0.323999999999998
452,81,2025,22,McLaren,20.0,5.0,108.961,5.0,5.0,0.0,1.027000000000001
453,81,2025,23,McLaren,2.0,1.0,79.387,20.0,10.0,8.660254037844387,0.0
454,81,2025,24,McLaren,2.0,3.0,82.437,2.0,9.0,9.643650760992957,0.2300000000000039
455,87,2025,1,Haas F1 Team,14.0,20.0,,10.0,14.0,0.0,
456,87,2025,2,Haas F1 Team,8.0,17.0,92.018,14.0,14.0,0.0,1.3769999999999951
457,87,2025,3,Haas F1 Team,10.0,10.0,87.711,8.0,11.0,4.242640687119285,0.7279999999999944
458,87,2025,4,Haas F1 Team,10.0,20.0,92.373,10.0,10.666666666666666,3.055050463303893,2.5320000000000107
459,87,2025,5,Haas F1 Team,13.0,15.0,88.536,10.0,9.333333333333334,1.15470053837925,1.2420000000000044
460,87,2025,6,Haas F1 Team,20.0,20.0,87.999,13.0,11.0,1.732050807568876,1.7950000000000017
461,87,2025,7,Haas F1 Team,17.0,19.0,76.077,20.0,14.333333333333334,5.131601439446884,1.4069999999999965
462,87,2025,8,Haas F1 Team,12.0,17.0,71.979,17.0,16.666666666666668,3.511884584284245,2.0250000000000057
463,87,2025,9,Haas F1 Team,17.0,15.0,73.074,12.0,16.333333333333332,4.041451884327379,1.5279999999999916
464,87,2025,10,Haas F1 Team,11.0,14.0,72.306,17.0,15.333333333333334,2.886751345948125,1.4069999999999965
465,87,2025,11,Haas F1 Team,11.0,15.0,65.218,11.0,13.333333333333334,3.2145502536643145,1.247000000000007
466,87,2025,12,Haas F1 Team,11.0,8.0,85.471,11.0,13.0,3.4641016151377504,0.5790000000000077
467,87,2025,13,Haas F1 Team,11.0,12.0,101.617,11.0,11.0,0.0,1.0550000000000068
468,87,2025,14,Haas F1 Team,20.0,11.0,75.694,11.0,11.0,0.0,0.804000000000002
469,87,2025,15,Haas F1 Team,6.0,19.0,70.262,20.0,14.0,5.19615242270663,1.5999999999999943
470,87,2025,16,Haas F1 Team,12.0,11.0,79.446,6.0,12.333333333333334,7.094598884597585,0.6539999999999964
471,87,2025,17,Haas F1 Team,12.0,15.0,102.666,12.0,12.666666666666666,7.0237691685684895,1.5489999999999924
472,87,2025,18,Haas F1 Team,9.0,9.0,89.868,12.0,10.0,3.4641016151377464,0.7099999999999937
473,87,2025,19,Haas F1 Team,9.0,8.0,93.139,9.0,11.0,1.7320508075688628,0.6289999999999907
474,87,2025,20,Haas F1 Team,4.0,10.0,76.46,9.0,10.0,1.732050807568861,0.8739999999999952
475,87,2025,21,Haas F1 Team,6.0,8.0,69.755,4.0,7.333333333333333,2.886751345948116,0.2439999999999997
476,87,2025,22,Haas F1 Team,10.0,14.0,113.094,6.0,6.333333333333333,2.5166114784235667,5.159999999999997
477,87,2025,23,Haas F1 Team,20.0,13.0,80.438,10.0,6.666666666666667,3.05505046330388,1.051000000000002
478,87,2025,24,Haas F1 Team,12.0,11.0,83.041,20.0,12.0,7.211102550927976,0.8340000000000032
