,DriverNumber,Season,RoundNumber,TeamName,Position,QualiPosition,FastestTime
0,1,2022,1,Red Bull Racing,19.0,2.0,90.681
1,3,2022,1,McLaren,14.0,18.0,92.945
2,4,2022,1,McLaren,15.0,13.0,92.008
3,6,2022,1,Williams,16.0,20.0,93.634
4,10,2022,1,AlphaTauri,20.0,10.0,91.635
5,11,2022,1,Red Bull Racing,18.0,4.0,90.921
6,14,2022,1,Alpine,9.0,8.0,91.621
7,16,2022,1,Ferrari,1.0,1.0,90.558
8,18,2022,1,Aston Martin,12.0,19.0,93.032
9,20,2022,1,Haas F1 Team,5.0,7.0,91.461
10,22,2022,1,AlphaTauri,8.0,16.0,92.75
11,23,2022,1,Williams,13.0,14.0,92.664
12,24,2022,1,Alfa Romeo,10.0,15.0,92.493
13,27,2022,1,Aston Martin,17.0,17.0,92.777
14,31,2022,1,Alpine,7.0,11.0,91.782
15,44,2022,1,Mercedes,3.0,5.0,91.048
16,47,2022,1,Haas F1 Team,11.0,12.0,91.998
17,55,2022,1,Ferrari,2.0,3.0,90.687
18,63,2022,1,Mercedes,4.0,9.0,91.252
19,77,2022,1,Alfa Romeo,6.0,6.0,91.56
20,1,2022,2,Red Bull Racing,1.0,4.0,88.461
21,3,2022,2,McLaren,20.0,12.0,89.773
22,4,2022,2,McLaren,7.0,11.0,89.651
23,6,2022,2,Williams,20.0,19.0,91.817
24,10,2022,2,AlphaTauri,8.0,9.0,89.254
25,11,2022,2,Red Bull Racing,4.0,1.0,88.2
26,14,2022,2,Alpine,20.0,7.0,89.147
27,16,2022,2,Ferrari,2.0,2.0,88.225
28,18,2022,2,Aston Martin,13.0,15.0,90.256
29,20,2022,2,Haas F1 Team,9.0,10.0,89.546
30,22,2022,2,AlphaTauri,20.0,20.0,
31,23,2022,2,Williams,14.0,17.0,90.492
32,24,2022,2,Alfa Romeo,11.0,13.0,89.819
33,27,2022,2,Aston Martin,12.0,18.0,90.543
34,31,2022,2,Alpine,6.0,5.0,89.068
35,44,2022,2,Mercedes,10.0,16.0,90.343
36,47,2022,2,Haas F1 Team,20.0,14.0,89.92
37,55,2022,2,Ferrari,3.0,3.0,88.402
38,63,2022,2,Mercedes,5.0,6.0,89.104
39,77,2022,2,Alfa Romeo,20.0,8.0,89.183
40,1,2022,3,Red Bull Racing,20.0,2.0,78.154
41,3,2022,3,McLaren,6.0,7.0,79.032
42,4,2022,3,McLaren,5.0,4.0,78.703
43,5,2022,3,Aston Martin,20.0,18.0,81.149
44,6,2022,3,Williams,16.0,19.0,81.372
45,10,2022,3,AlphaTauri,9.0,11.0,79.226
46,11,2022,3,Red Bull Racing,2.0,3.0,78.24
47,14,2022,3,Alpine,17.0,10.0,78.815
48,16,2022,3,Ferrari,1.0,1.0,77.868
49,18,2022,3,Aston Martin,12.0,20.0,
50,20,2022,3,Haas F1 Team,14.0,17.0,80.254
51,22,2022,3,AlphaTauri,15.0,13.0,79.424
52,23,2022,3,Williams,10.0,16.0,80.135
53,24,2022,3,Alfa Romeo,11.0,14.0,79.91
54,31,2022,3,Alpine,7.0,8.0,79.061
55,44,2022,3,Mercedes,4.0,5.0,78.825
56,47,2022,3,Haas F1 Team,13.0,15.0,80.104
57,55,2022,3,Ferrari,20.0,9.0,78.469
58,63,2022,3,Mercedes,3.0,6.0,78.933
59,77,2022,3,Alfa Romeo,8.0,12.0,79.251
60,1,2022,4,Red Bull Racing,1.0,1.0,78.793
61,3,2022,4,McLaren,18.0,6.0,79.98
62,4,2022,4,McLaren,3.0,3.0,79.294
63,5,2022,4,Aston Martin,8.0,9.0,79.957
64,6,2022,4,Williams,16.0,18.0,81.971
65,10,2022,4,AlphaTauri,12.0,17.0,80.732
66,11,2022,4,Red Bull Racing,2.0,7.0,79.296
67,14,2022,4,Alpine,20.0,5.0,79.595
68,16,2022,4,Ferrari,6.0,2.0,78.796
69,18,2022,4,Aston Martin,10.0,15.0,80.342
70,20,2022,4,Haas F1 Team,9.0,4.0,79.902
71,22,2022,4,AlphaTauri,7.0,16.0,80.474
72,23,2022,4,Williams,11.0,20.0,
73,24,2022,4,Alfa Romeo,15.0,14.0,79.73
74,31,2022,4,Alpine,14.0,19.0,82.338
75,44,2022,4,Mercedes,13.0,13.0,80.47
76,47,2022,4,Haas F1 Team,17.0,12.0,80.422
77,55,2022,4,Ferrari,20.0,10.0,78.99
78,63,2022,4,Mercedes,4.0,11.0,80.383
79,77,2022,4,Alfa Romeo,5.0,8.0,80.192
80,1,2022,5,Red Bull Racing,1.0,3.0,88.991
81,3,2022,5,McLaren,13.0,14.0,90.31
82,4,2022,5,McLaren,20.0,8.0,89.634
83,5,2022,5,Aston Martin,17.0,13.0,90.214
84,6,2022,5,Williams,14.0,19.0,91.325
85,10,2022,5,AlphaTauri,20.0,7.0,89.69
86,11,2022,5,Red Bull Racing,4.0,4.0,89.036
87,14,2022,5,Alpine,11.0,11.0,90.16
88,16,2022,5,Ferrari,2.0,1.0,88.796
89,18,2022,5,Aston Martin,10.0,10.0,89.996
90,20,2022,5,Haas F1 Team,16.0,16.0,90.975
91,22,2022,5,AlphaTauri,12.0,9.0,89.932
92,23,2022,5,Williams,9.0,18.0,91.266
93,24,2022,5,Alfa Romeo,20.0,17.0,91.02
94,31,2022,5,Alpine,8.0,20.0,
95,44,2022,5,Mercedes,6.0,6.0,89.625
96,47,2022,5,Haas F1 Team,15.0,15.0,90.423
97,55,2022,5,Ferrari,3.0,2.0,88.986
98,63,2022,5,Mercedes,5.0,12.0,90.173
99,77,2022,5,Alfa Romeo,7.0,5.0,89.475
100,1,2022,6,Red Bull Racing,1.0,2.0,79.073
101,3,2022,6,McLaren,12.0,9.0,80.287
102,4,2022,6,McLaren,8.0,11.0,80.471
103,5,2022,6,Aston Martin,11.0,16.0,80.954
104,6,2022,6,Williams,16.0,20.0,81.915
105,10,2022,6,AlphaTauri,13.0,14.0,80.719
106,11,2022,6,Red Bull Racing,2.0,5.0,79.42
107,14,2022,6,Alpine,9.0,17.0,81.043
108,16,2022,6,Ferrari,20.0,1.0,78.75
109,18,2022,6,Aston Martin,15.0,18.0,81.418
110,20,2022,6,Haas F1 Team,17.0,8.0,79.682
111,22,2022,6,AlphaTauri,10.0,13.0,80.639
112,23,2022,6,Williams,18.0,19.0,81.645
113,24,2022,6,Alfa Romeo,20.0,15.0,80.476
114,31,2022,6,Alpine,7.0,12.0,80.638
115,44,2022,6,Mercedes,5.0,6.0,79.512
116,47,2022,6,Haas F1 Team,14.0,10.0,80.368
117,55,2022,6,Ferrari,4.0,3.0,79.166
118,63,2022,6,Mercedes,3.0,4.0,79.393
119,77,2022,6,Alfa Romeo,6.0,7.0,79.608
120,1,2022,7,Red Bull Racing,3.0,4.0,71.666
121,3,2022,7,McLaren,13.0,14.0,72.964
122,4,2022,7,McLaren,6.0,5.0,71.849
123,5,2022,7,Aston Martin,10.0,9.0,72.613
124,6,2022,7,Williams,15.0,19.0,74.403
125,10,2022,7,AlphaTauri,11.0,17.0,73.66
126,11,2022,7,Red Bull Racing,1.0,3.0,71.629
127,14,2022,7,Alpine,7.0,7.0,72.247
128,16,2022,7,Ferrari,4.0,1.0,71.376
129,18,2022,7,Aston Martin,14.0,18.0,73.678
130,20,2022,7,Haas F1 Team,20.0,13.0,72.921
131,22,2022,7,AlphaTauri,17.0,11.0,72.797
132,23,2022,7,Williams,20.0,16.0,73.611
133,24,2022,7,Alfa Romeo,16.0,20.0,75.606
134,31,2022,7,Alpine,12.0,10.0,72.528
135,44,2022,7,Mercedes,8.0,8.0,72.56
136,47,2022,7,Haas F1 Team,20.0,15.0,73.081
137,55,2022,7,Ferrari,2.0,2.0,71.601
138,63,2022,7,Mercedes,5.0,6.0,72.112
139,77,2022,7,Alfa Romeo,9.0,12.0,72.909
140,1,2022,8,Red Bull Racing,1.0,3.0,101.706
141,3,2022,8,McLaren,8.0,12.0,103.574
142,4,2022,8,McLaren,9.0,11.0,103.398
143,5,2022,8,Aston Martin,6.0,9.0,103.091
144,6,2022,8,Williams,15.0,18.0,105.367
145,10,2022,8,AlphaTauri,5.0,6.0,102.845
146,11,2022,8,Red Bull Racing,2.0,2.0,101.641
147,14,2022,8,Alpine,7.0,10.0,103.173
148,16,2022,8,Ferrari,20.0,1.0,101.359
149,18,2022,8,Aston Martin,16.0,19.0,105.371
150,20,2022,8,Haas F1 Team,20.0,16.0,104.643
151,22,2022,8,AlphaTauri,13.0,8.0,103.056
152,23,2022,8,Williams,12.0,17.0,104.719
153,24,2022,8,Alfa Romeo,20.0,14.0,103.777
154,31,2022,8,Alpine,10.0,13.0,103.585
155,44,2022,8,Mercedes,4.0,7.0,102.924
156,47,2022,8,Haas F1 Team,14.0,20.0,105.775
157,55,2022,8,Ferrari,20.0,4.0,101.814
158,63,2022,8,Mercedes,3.0,5.0,102.712
159,77,2022,8,Alfa Romeo,11.0,15.0,104.444
160,1,2022,9,Red Bull Racing,1.0,1.0,81.299
161,3,2022,9,McLaren,11.0,9.0,83.749
162,4,2022,9,McLaren,15.0,14.0,94.066
163,5,2022,9,Aston Martin,12.0,17.0,94.512
164,6,2022,9,Williams,16.0,19.0,95.66
165,10,2022,9,AlphaTauri,14.0,16.0,94.492
166,11,2022,9,Red Bull Racing,20.0,13.0,93.127
167,14,2022,9,Alpine,9.0,2.0,81.944
168,16,2022,9,Ferrari,5.0,15.0,93.008
169,18,2022,9,Aston Martin,10.0,18.0,95.532
170,20,2022,9,Haas F1 Team,17.0,5.0,82.96
171,22,2022,9,AlphaTauri,20.0,20.0,96.575
172,23,2022,9,Williams,13.0,12.0,86.858
173,24,2022,9,Alfa Romeo,8.0,10.0,84.03
174,31,2022,9,Alpine,6.0,7.0,83.529
175,44,2022,9,Mercedes,3.0,4.0,82.891
176,47,2022,9,Haas F1 Team,20.0,6.0,83.356
177,55,2022,9,Ferrari,2.0,3.0,82.096
178,63,2022,9,Mercedes,4.0,8.0,83.557
179,77,2022,9,Alfa Romeo,7.0,11.0,86.788
180,1,2022,10,Red Bull Racing,7.0,2.0,99.129
181,3,2022,10,McLaren,13.0,14.0,101.933
182,4,2022,10,McLaren,6.0,6.0,101.515
183,5,2022,10,Aston Martin,9.0,18.0,102.666
184,6,2022,10,Williams,12.0,10.0,101.998
185,10,2022,10,AlphaTauri,20.0,11.0,101.68
186,11,2022,10,Red Bull Racing,2.0,4.0,100.521
187,14,2022,10,Alpine,5.0,7.0,101.598
188,16,2022,10,Ferrari,4.0,3.0,99.846
189,18,2022,10,Aston Martin,11.0,20.0,103.43
190,20,2022,10,Haas F1 Team,10.0,17.0,102.159
191,22,2022,10,AlphaTauri,14.0,13.0,101.893
192,23,2022,10,Williams,20.0,16.0,102.078
193,24,2022,10,Alfa Romeo,20.0,9.0,100.791
194,31,2022,10,Alpine,20.0,15.0,101.73
195,44,2022,10,Mercedes,3.0,5.0,100.428
196,47,2022,10,Haas F1 Team,8.0,19.0,102.708
197,55,2022,10,Ferrari,1.0,1.0,100.19
198,63,2022,10,Mercedes,20.0,8.0,100.028
199,77,2022,10,Alfa Romeo,20.0,12.0,101.396
200,1,2022,11,Red Bull Racing,2.0,1.0,64.984
201,3,2022,11,McLaren,9.0,16.0,66.613
202,4,2022,11,McLaren,7.0,15.0,66.33
203,5,2022,11,Aston Martin,17.0,20.0,67.083
204,6,2022,11,Williams,20.0,19.0,67.003
205,10,2022,11,AlphaTauri,15.0,10.0,66.16
206,11,2022,11,Red Bull Racing,20.0,13.0,65.404
207,14,2022,11,Alpine,10.0,8.0,66.016
208,16,2022,11,Ferrari,1.0,2.0,65.013
209,18,2022,11,Aston Martin,13.0,17.0,66.847
210,20,2022,11,Haas F1 Team,8.0,6.0,65.879
211,22,2022,11,AlphaTauri,16.0,14.0,66.463
212,23,2022,11,Williams,12.0,11.0,66.23
213,24,2022,11,Alfa Romeo,14.0,18.0,66.901
214,31,2022,11,Alpine,5.0,5.0,65.726
215,44,2022,11,Mercedes,3.0,9.0,65.475
216,47,2022,11,Haas F1 Team,6.0,7.0,66.011
217,55,2022,11,Ferrari,20.0,3.0,65.066
218,63,2022,11,Mercedes,4.0,4.0,65.431
219,77,2022,11,Alfa Romeo,11.0,12.0,66.319
220,1,2022,12,Red Bull Racing,1.0,2.0,91.176
221,3,2022,12,McLaren,9.0,11.0,92.922
222,4,2022,12,McLaren,7.0,5.0,92.032
223,5,2022,12,Aston Martin,11.0,14.0,93.276
224,6,2022,12,Williams,20.0,20.0,93.794
225,10,2022,12,AlphaTauri,12.0,16.0,93.439
226,11,2022,12,Red Bull Racing,4.0,3.0,91.335
227,14,2022,12,Alpine,6.0,7.0,92.552
228,16,2022,12,Ferrari,20.0,1.0,90.872
229,18,2022,12,Aston Martin,10.0,17.0,93.439
230,20,2022,12,Haas F1 Team,20.0,10.0,92.649
231,22,2022,12,AlphaTauri,20.0,8.0,92.78
232,23,2022,12,Williams,13.0,15.0,93.307
233,24,2022,12,Alfa Romeo,16.0,18.0,93.674
234,31,2022,12,Alpine,8.0,12.0,93.048
235,44,2022,12,Mercedes,2.0,4.0,91.765
236,47,2022,12,Haas F1 Team,15.0,19.0,93.701
237,55,2022,12,Ferrari,5.0,9.0,91.081
238,63,2022,12,Mercedes,3.0,6.0,92.131
239,77,2022,12,Alfa Romeo,14.0,13.0,93.034
240,1,2022,13,Red Bull Racing,1.0,10.0,77.703
241,3,2022,13,McLaren,15.0,9.0,78.198
242,4,2022,13,McLaren,7.0,4.0,77.769
243,5,2022,13,Aston Martin,10.0,18.0,79.273
244,6,2022,13,Williams,18.0,20.0,79.57
245,10,2022,13,AlphaTauri,12.0,19.0,79.527
246,11,2022,13,Red Bull Racing,5.0,11.0,78.516
247,14,2022,13,Alpine,8.0,6.0,77.904
248,16,2022,13,Ferrari,6.0,3.0,77.567
249,18,2022,13,Aston Martin,11.0,14.0,79.137
250,20,2022,13,Haas F1 Team,16.0,13.0,78.825
251,22,2022,13,AlphaTauri,19.0,16.0,79.24
252,23,2022,13,Williams,17.0,17.0,79.256
253,24,2022,13,Alfa Romeo,13.0,12.0,78.573
254,31,2022,13,Alpine,9.0,5.0,78.018
255,44,2022,13,Mercedes,2.0,7.0,78.035
256,47,2022,13,Haas F1 Team,14.0,15.0,79.164
257,55,2022,13,Ferrari,4.0,2.0,77.421
258,63,2022,13,Mercedes,3.0,1.0,77.377
259,77,2022,13,Alfa Romeo,20.0,8.0,78.157
260,1,2022,14,Red Bull Racing,1.0,1.0,103.665
261,3,2022,14,McLaren,15.0,11.0,105.767
262,4,2022,14,McLaren,12.0,10.0,105.603
263,5,2022,14,Aston Martin,8.0,16.0,106.344
264,6,2022,14,Williams,18.0,17.0,106.401
265,10,2022,14,AlphaTauri,9.0,12.0,105.827
266,11,2022,14,Red Bull Racing,2.0,3.0,104.462
267,14,2022,14,Alpine,5.0,6.0,105.368
268,16,2022,14,Ferrari,6.0,4.0,104.551
269,18,2022,14,Aston Martin,11.0,14.0,106.256
270,20,2022,14,Haas F1 Team,16.0,18.0,106.557
271,22,2022,14,AlphaTauri,13.0,19.0,106.692
272,23,2022,14,Williams,10.0,9.0,105.672
273,24,2022,14,Alfa Romeo,14.0,13.0,106.085
274,31,2022,14,Alpine,7.0,5.0,105.18
275,44,2022,14,Mercedes,20.0,7.0,105.42
276,47,2022,14,Haas F1 Team,17.0,15.0,106.342
277,55,2022,14,Ferrari,3.0,2.0,104.297
278,63,2022,14,Mercedes,4.0,8.0,105.461
279,77,2022,14,Alfa Romeo,20.0,20.0,107.866
280,1,2022,15,Red Bull Racing,1.0,1.0,70.342
281,3,2022,15,McLaren,17.0,17.0,72.081
282,4,2022,15,McLaren,7.0,7.0,71.116
283,5,2022,15,Aston Martin,14.0,19.0,72.391
284,6,2022,15,Williams,18.0,20.0,73.353
285,10,2022,15,AlphaTauri,11.0,11.0,71.512
286,11,2022,15,Red Bull Racing,5.0,5.0,71.077
287,14,2022,15,Alpine,6.0,13.0,71.613
288,16,2022,15,Ferrari,3.0,2.0,70.363
289,18,2022,15,Aston Martin,10.0,10.0,71.416
290,20,2022,15,Haas F1 Team,15.0,18.0,72.319
291,22,2022,15,AlphaTauri,20.0,9.0,71.427
292,23,2022,15,Williams,12.0,15.0,71.695
293,24,2022,15,Alfa Romeo,16.0,14.0,71.704
294,31,2022,15,Alpine,9.0,12.0,71.605
295,44,2022,15,Mercedes,4.0,4.0,70.648
296,47,2022,15,Haas F1 Team,13.0,8.0,71.42
297,55,2022,15,Ferrari,8.0,3.0,70.434
298,63,2022,15,Mercedes,2.0,6.0,70.824
299,77,2022,15,Alfa Romeo,20.0,16.0,71.961
300,1,2022,16,Red Bull Racing,1.0,2.0,80.306
301,3,2022,16,McLaren,20.0,8.0,81.855
302,4,2022,16,McLaren,7.0,7.0,81.584
303,5,2022,16,Aston Martin,20.0,17.0,82.636
304,6,2022,16,Williams,15.0,16.0,82.587
305,10,2022,16,AlphaTauri,8.0,9.0,82.01
306,11,2022,16,Red Bull Racing,6.0,4.0,81.206
307,14,2022,16,Alpine,20.0,10.0,81.829
308,16,2022,16,Ferrari,2.0,1.0,80.161
309,18,2022,16,Aston Martin,20.0,18.0,82.748
310,20,2022,16,Haas F1 Team,16.0,19.0,82.908
311,22,2022,16,AlphaTauri,14.0,15.0,82.02
312,24,2022,16,Alfa Romeo,10.0,14.0,82.003
313,31,2022,16,Alpine,11.0,11.0,82.13
314,44,2022,16,Mercedes,5.0,5.0,81.524
315,45,2022,16,Williams,9.0,13.0,82.471
316,47,2022,16,Haas F1 Team,12.0,20.0,83.005
317,55,2022,16,Ferrari,4.0,3.0,80.429
318,63,2022,16,Mercedes,3.0,6.0,81.542
319,77,2022,16,Alfa Romeo,13.0,12.0,82.235
320,1,2022,17,Red Bull Racing,7.0,8.0,111.395
321,3,2022,17,McLaren,5.0,17.0,116.226
322,4,2022,17,McLaren,4.0,6.0,110.584
323,5,2022,17,Aston Martin,8.0,14.0,114.38
324,6,2022,17,Williams,20.0,20.0,117.532
325,10,2022,17,AlphaTauri,10.0,7.0,111.211
326,11,2022,17,Red Bull Racing,1.0,2.0,109.434
327,14,2022,17,Alpine,20.0,5.0,109.966
328,16,2022,17,Ferrari,2.0,1.0,109.412
329,18,2022,17,Aston Martin,6.0,12.0,114.211
330,20,2022,17,Haas F1 Team,12.0,9.0,111.573
331,22,2022,17,AlphaTauri,20.0,10.0,111.983
332,23,2022,17,Williams,20.0,19.0,116.985
333,24,2022,17,Alfa Romeo,20.0,15.0,115.375
334,31,2022,17,Alpine,20.0,18.0,116.337
335,44,2022,17,Mercedes,9.0,3.0,109.466
336,47,2022,17,Haas F1 Team,13.0,13.0,114.37
337,55,2022,17,Ferrari,3.0,4.0,109.583
338,63,2022,17,Mercedes,14.0,11.0,114.012
339,77,2022,17,Alfa Romeo,11.0,16.0,116.083
340,1,2022,18,Red Bull Racing,1.0,1.0,89.304
341,3,2022,18,McLaren,11.0,11.0,90.659
342,4,2022,18,McLaren,10.0,10.0,90.473
343,5,2022,18,Aston Martin,6.0,9.0,90.554
344,6,2022,18,Williams,9.0,20.0,91.511
345,10,2022,18,AlphaTauri,18.0,17.0,91.322
346,11,2022,18,Red Bull Racing,2.0,4.0,89.709
347,14,2022,18,Alpine,7.0,7.0,90.322
348,16,2022,18,Ferrari,3.0,2.0,89.314
349,18,2022,18,Aston Martin,12.0,19.0,91.419
350,20,2022,18,Haas F1 Team,14.0,18.0,91.352
351,22,2022,18,AlphaTauri,13.0,13.0,90.808
352,23,2022,18,Williams,20.0,16.0,91.311
353,24,2022,18,Alfa Romeo,16.0,14.0,90.894
354,31,2022,18,Alpine,4.0,5.0,90.165
355,44,2022,18,Mercedes,5.0,6.0,90.261
356,47,2022,18,Haas F1 Team,17.0,15.0,91.152
357,55,2022,18,Ferrari,20.0,3.0,89.361
358,63,2022,18,Mercedes,8.0,8.0,90.389
359,77,2022,18,Alfa Romeo,15.0,12.0,90.709
360,1,2022,19,Red Bull Racing,1.0,3.0,94.448
361,3,2022,19,McLaren,16.0,17.0,97.046
362,4,2022,19,McLaren,6.0,8.0,95.69
363,5,2022,19,Aston Martin,8.0,12.0,96.398
364,6,2022,19,Williams,17.0,20.0,97.244
365,10,2022,19,AlphaTauri,14.0,13.0,96.577
366,11,2022,19,Red Bull Racing,4.0,4.0,94.645
367,14,2022,19,Alpine,7.0,9.0,95.876
368,16,2022,19,Ferrari,3.0,2.0,94.421
369,18,2022,19,Aston Martin,20.0,7.0,95.598
370,20,2022,19,Haas F1 Team,9.0,16.0,96.949
371,22,2022,19,AlphaTauri,10.0,15.0,96.808
372,23,2022,19,Williams,13.0,11.0,96.368
373,24,2022,19,Alfa Romeo,12.0,14.0,96.656
374,31,2022,19,Alpine,11.0,18.0,97.068
375,44,2022,19,Mercedes,2.0,5.0,94.947
376,47,2022,19,Haas F1 Team,15.0,19.0,97.111
377,55,2022,19,Ferrari,20.0,1.0,94.356
378,63,2022,19,Mercedes,5.0,6.0,94.988
379,77,2022,19,Alfa Romeo,20.0,10.0,96.319
380,1,2022,20,Red Bull Racing,1.0,1.0,77.775
381,3,2022,20,McLaren,7.0,11.0,79.325
382,4,2022,20,McLaren,9.0,8.0,78.721
383,5,2022,20,Aston Martin,14.0,17.0,80.419
384,6,2022,20,Williams,18.0,20.0,81.167
385,10,2022,20,AlphaTauri,11.0,14.0,79.672
386,11,2022,20,Red Bull Racing,3.0,4.0,78.128
387,14,2022,20,Alpine,19.0,9.0,78.939
388,16,2022,20,Ferrari,6.0,7.0,78.555
389,18,2022,20,Aston Martin,15.0,18.0,80.52
390,20,2022,20,Haas F1 Team,17.0,15.0,79.833
391,22,2022,20,AlphaTauri,20.0,13.0,79.589
392,23,2022,20,Williams,12.0,19.0,80.859
393,24,2022,20,Alfa Romeo,13.0,12.0,79.476
394,31,2022,20,Alpine,8.0,10.0,79.01
395,44,2022,20,Mercedes,2.0,3.0,78.084
396,47,2022,20,Haas F1 Team,16.0,16.0,80.419
397,55,2022,20,Ferrari,5.0,5.0,78.351
398,63,2022,20,Mercedes,4.0,2.0,78.079
399,77,2022,20,Alfa Romeo,10.0,6.0,78.401
400,1,2022,21,Red Bull Racing,6.0,2.0,70.881
401,3,2022,21,McLaren,20.0,14.0,72.14
402,4,2022,21,McLaren,20.0,4.0,71.377
403,5,2022,21,Aston Martin,11.0,13.0,71.678
404,6,2022,21,Williams,16.0,16.0,75.095
405,10,2022,21,AlphaTauri,14.0,12.0,71.675
406,11,2022,21,Red Bull Racing,7.0,9.0,71.456
407,14,2022,21,Alpine,5.0,7.0,71.394
408,16,2022,21,Ferrari,4.0,10.0,70.95
409,18,2022,21,Aston Martin,10.0,15.0,72.21
410,20,2022,21,Haas F1 Team,20.0,1.0,71.41
411,22,2022,21,AlphaTauri,17.0,19.0,76.264
412,23,2022,21,Williams,15.0,11.0,71.631
413,24,2022,21,Alfa Romeo,12.0,17.0,75.197
414,31,2022,21,Alpine,8.0,6.0,71.587
415,44,2022,21,Mercedes,2.0,8.0,71.539
416,47,2022,21,Haas F1 Team,13.0,20.0,76.361
417,55,2022,21,Ferrari,3.0,5.0,70.89
418,63,2022,21,Mercedes,1.0,3.0,71.318
419,77,2022,21,Alfa Romeo,9.0,18.0,75.486
420,1,2022,22,Red Bull Racing,1.0,1.0,83.824
421,3,2022,22,McLaren,9.0,10.0,85.045
422,4,2022,22,McLaren,6.0,7.0,84.769
423,5,2022,22,Aston Martin,10.0,9.0,84.961
424,6,2022,22,Williams,19.0,20.0,86.054
425,10,2022,22,AlphaTauri,14.0,17.0,85.859
426,11,2022,22,Red Bull Racing,3.0,2.0,84.052
427,14,2022,22,Alpine,20.0,11.0,85.096
428,16,2022,22,Ferrari,2.0,3.0,84.092
429,18,2022,22,Aston Martin,8.0,14.0,85.359
430,20,2022,22,Haas F1 Team,17.0,16.0,85.834
431,22,2022,22,AlphaTauri,11.0,12.0,85.219
432,23,2022,22,Williams,13.0,19.0,86.028
433,24,2022,22,Alfa Romeo,12.0,15.0,85.408
434,31,2022,22,Alpine,7.0,8.0,84.83
435,44,2022,22,Mercedes,18.0,5.0,84.508
436,47,2022,22,Haas F1 Team,16.0,13.0,85.225
437,55,2022,22,Ferrari,4.0,4.0,84.242
438,63,2022,22,Mercedes,5.0,6.0,84.511
439,77,2022,22,Alfa Romeo,15.0,18.0,85.892
440,1,2023,1,Red Bull Racing,1.0,1.0,89.708
441,2,2023,1,Williams,12.0,16.0,91.652
442,4,2023,1,McLaren,17.0,11.0,91.381
443,10,2023,1,Alpine,9.0,20.0,92.181
444,11,2023,1,Red Bull Racing,2.0,2.0,89.846
445,14,2023,1,Aston Martin,3.0,5.0,90.336
446,16,2023,1,Ferrari,20.0,3.0,90.0
447,18,2023,1,Aston Martin,6.0,8.0,90.836
448,20,2023,1,Haas F1 Team,13.0,17.0,91.892
449,21,2023,1,AlphaTauri,14.0,19.0,92.121
450,22,2023,1,AlphaTauri,11.0,14.0,91.4
451,23,2023,1,Williams,10.0,15.0,91.461
452,24,2023,1,Alfa Romeo,16.0,13.0,91.473
453,27,2023,1,Haas F1 Team,15.0,10.0,90.809
454,31,2023,1,Alpine,20.0,9.0,90.914
455,44,2023,1,Mercedes,5.0,7.0,90.384
456,55,2023,1,Ferrari,4.0,4.0,90.154
457,63,2023,1,Mercedes,7.0,6.0,90.34
458,77,2023,1,Alfa Romeo,8.0,12.0,91.443
459,81,2023,1,McLaren,20.0,18.0,92.101
460,1,2023,2,Red Bull Racing,2.0,15.0,88.761
461,2,2023,2,Williams,16.0,20.0,128.51
462,4,2023,2,McLaren,17.0,19.0,90.447
463,10,2023,2,Alpine,9.0,10.0,89.357
464,11,2023,2,Red Bull Racing,1.0,1.0,88.265
465,14,2023,2,Aston Martin,3.0,3.0,88.73
466,16,2023,2,Ferrari,7.0,2.0,88.42
467,18,2023,2,Aston Martin,20.0,6.0,88.945
468,20,2023,2,Haas F1 Team,10.0,13.0,89.634
469,21,2023,2,AlphaTauri,14.0,18.0,90.244
470,22,2023,2,AlphaTauri,11.0,16.0,89.939
471,23,2023,2,Williams,20.0,17.0,89.994
472,24,2023,2,Alfa Romeo,13.0,12.0,89.461
473,27,2023,2,Haas F1 Team,12.0,11.0,89.451
474,31,2023,2,Alpine,8.0,7.0,89.078
475,44,2023,2,Mercedes,5.0,8.0,89.223
476,55,2023,2,Ferrari,6.0,5.0,88.931
477,63,2023,2,Mercedes,4.0,4.0,88.857
478,77,2023,2,Alfa Romeo,18.0,14.0,89.668
479,81,2023,2,McLaren,15.0,9.0,89.243
480,1,2023,3,Red Bull Racing,1.0,1.0,76.732
481,2,2023,3,Williams,16.0,18.0,78.557
482,4,2023,3,McLaren,6.0,13.0,78.119
483,10,2023,3,Alpine,13.0,9.0,77.574
484,11,2023,3,Red Bull Racing,5.0,20.0,
485,14,2023,3,Aston Martin,3.0,4.0,77.139
486,16,2023,3,Ferrari,20.0,7.0,77.369
487,18,2023,3,Aston Martin,4.0,6.0,77.308
488,20,2023,3,Haas F1 Team,17.0,14.0,78.129
489,21,2023,3,AlphaTauri,15.0,15.0,78.335
490,22,2023,3,AlphaTauri,10.0,12.0,78.099
491,23,2023,3,Williams,20.0,8.0,77.609
492,24,2023,3,Alfa Romeo,9.0,17.0,78.54
493,27,2023,3,Haas F1 Team,7.0,10.0,77.412
494,31,2023,3,Alpine,14.0,11.0,77.768
495,44,2023,3,Mercedes,2.0,3.0,77.104
496,55,2023,3,Ferrari,12.0,5.0,77.27
497,63,2023,3,Mercedes,20.0,2.0,76.968
498,77,2023,3,Alfa Romeo,11.0,19.0,78.714
499,81,2023,3,McLaren,8.0,16.0,78.517
500,1,2023,4,Red Bull Racing,2.0,2.0,100.391
501,2,2023,4,Williams,16.0,15.0,102.242
502,4,2023,4,McLaren,9.0,7.0,101.281
503,10,2023,4,Alpine,14.0,19.0,104.853
504,11,2023,4,Red Bull Racing,1.0,3.0,100.495
505,14,2023,4,Aston Martin,4.0,6.0,101.253
506,16,2023,4,Ferrari,3.0,1.0,100.203
507,18,2023,4,Aston Martin,7.0,9.0,101.576
508,20,2023,4,Haas F1 Team,13.0,18.0,103.417
509,21,2023,4,AlphaTauri,20.0,20.0,115.282
510,22,2023,4,AlphaTauri,10.0,8.0,101.569
511,23,2023,4,Williams,12.0,13.0,101.818
512,24,2023,4,Alfa Romeo,20.0,16.0,102.642
513,27,2023,4,Haas F1 Team,17.0,17.0,102.755
514,31,2023,4,Alpine,15.0,12.0,101.798
515,44,2023,4,Mercedes,6.0,5.0,101.177
516,55,2023,4,Ferrari,5.0,4.0,101.016
517,63,2023,4,Mercedes,8.0,11.0,101.654
518,77,2023,4,Alfa Romeo,18.0,14.0,102.259
519,81,2023,4,McLaren,11.0,10.0,101.611
520,1,2023,5,Red Bull Racing,1.0,9.0,86.814
521,2,2023,5,Williams,20.0,20.0,88.577
522,4,2023,5,McLaren,17.0,16.0,88.394
523,10,2023,5,Alpine,8.0,5.0,87.612
524,11,2023,5,Red Bull Racing,2.0,1.0,86.841
525,14,2023,5,Aston Martin,3.0,2.0,87.097
526,16,2023,5,Ferrari,7.0,7.0,86.964
527,18,2023,5,Aston Martin,12.0,18.0,88.476
528,20,2023,5,Haas F1 Team,10.0,4.0,87.673
529,21,2023,5,AlphaTauri,18.0,15.0,88.325
530,22,2023,5,AlphaTauri,11.0,17.0,88.429
531,23,2023,5,Williams,14.0,11.0,87.795
532,24,2023,5,Alfa Romeo,16.0,14.0,88.091
533,27,2023,5,Haas F1 Team,15.0,12.0,87.903
534,31,2023,5,Alpine,9.0,8.0,87.444
535,44,2023,5,Mercedes,6.0,13.0,87.846
536,55,2023,5,Ferrari,5.0,3.0,87.148
537,63,2023,5,Mercedes,4.0,6.0,87.743
538,77,2023,5,Alfa Romeo,13.0,10.0,87.564
539,81,2023,5,McLaren,19.0,19.0,88.484
540,1,2023,6,Red Bull Racing,1.0,1.0,71.365
541,2,2023,6,Williams,18.0,16.0,73.113
542,4,2023,6,McLaren,9.0,10.0,72.254
543,10,2023,6,Alpine,7.0,7.0,71.933
544,11,2023,6,Red Bull Racing,16.0,20.0,73.85
545,14,2023,6,Aston Martin,2.0,2.0,71.449
546,16,2023,6,Ferrari,6.0,3.0,71.471
547,18,2023,6,Aston Martin,20.0,14.0,72.623
548,20,2023,6,Haas F1 Team,19.0,17.0,73.27
549,21,2023,6,AlphaTauri,12.0,12.0,72.428
550,22,2023,6,AlphaTauri,15.0,9.0,72.082
551,23,2023,6,Williams,14.0,13.0,72.527
552,24,2023,6,Alfa Romeo,13.0,19.0,73.523
553,27,2023,6,Haas F1 Team,17.0,18.0,73.279
554,31,2023,6,Alpine,3.0,4.0,71.553
555,44,2023,6,Mercedes,4.0,6.0,71.725
556,55,2023,6,Ferrari,8.0,5.0,71.63
557,63,2023,6,Mercedes,5.0,8.0,71.964
558,77,2023,6,Alfa Romeo,11.0,15.0,72.625
559,81,2023,6,McLaren,10.0,11.0,72.395
560,1,2023,7,Red Bull Racing,1.0,1.0,72.272
561,2,2023,7,Williams,20.0,20.0,74.699
562,4,2023,7,McLaren,17.0,3.0,72.776
563,10,2023,7,Alpine,10.0,4.0,72.816
564,11,2023,7,Red Bull Racing,4.0,11.0,73.334
565,14,2023,7,Aston Martin,7.0,9.0,73.098
566,16,2023,7,Ferrari,11.0,19.0,74.079
567,18,2023,7,Aston Martin,6.0,6.0,72.994
568,20,2023,7,Haas F1 Team,18.0,17.0,74.042
569,21,2023,7,AlphaTauri,14.0,14.0,73.581
570,22,2023,7,AlphaTauri,12.0,15.0,73.862
571,23,2023,7,Williams,16.0,18.0,74.063
572,24,2023,7,Alfa Romeo,9.0,13.0,73.521
573,27,2023,7,Haas F1 Team,15.0,8.0,73.229
574,31,2023,7,Alpine,8.0,7.0,73.001
575,44,2023,7,Mercedes,2.0,5.0,72.818
576,55,2023,7,Ferrari,5.0,2.0,72.734
577,63,2023,7,Mercedes,3.0,12.0,73.326
578,77,2023,7,Alfa Romeo,19.0,16.0,73.977
579,81,2023,7,McLaren,13.0,10.0,73.059
580,1,2023,8,Red Bull Racing,1.0,1.0,79.092
581,2,2023,8,Williams,20.0,19.0,83.337
582,4,2023,8,McLaren,13.0,7.0,79.347
583,10,2023,8,Alpine,12.0,17.0,82.886
584,11,2023,8,Red Bull Racing,6.0,12.0,80.959
585,14,2023,8,Aston Martin,2.0,3.0,79.776
586,16,2023,8,Ferrari,4.0,11.0,80.615
587,18,2023,8,Aston Martin,9.0,13.0,81.484
588,20,2023,8,Haas F1 Team,17.0,14.0,81.678
589,21,2023,8,AlphaTauri,18.0,18.0,83.137
590,22,2023,8,AlphaTauri,14.0,16.0,82.746
591,23,2023,8,Williams,7.0,10.0,78.725
592,24,2023,8,Alfa Romeo,16.0,20.0,83.342
593,27,2023,8,Haas F1 Team,15.0,2.0,80.305
594,31,2023,8,Alpine,8.0,6.0,80.406
595,44,2023,8,Mercedes,3.0,4.0,80.426
596,55,2023,8,Ferrari,5.0,8.0,79.856
597,63,2023,8,Mercedes,20.0,5.0,80.098
598,77,2023,8,Alfa Romeo,10.0,15.0,81.821
599,81,2023,8,McLaren,11.0,9.0,79.659
600,1,2023,9,Red Bull Racing,1.0,1.0,64.391
601,2,2023,9,Williams,13.0,18.0,65.948
602,4,2023,9,McLaren,4.0,4.0,64.658
603,10,2023,9,Alpine,10.0,9.0,65.17
604,11,2023,9,Red Bull Racing,3.0,15.0,65.177
605,14,2023,9,Aston Martin,5.0,7.0,64.911
606,16,2023,9,Ferrari,2.0,2.0,64.439
607,18,2023,9,Aston Martin,9.0,6.0,64.893
608,20,2023,9,Haas F1 Team,18.0,19.0,65.971
609,21,2023,9,AlphaTauri,17.0,20.0,65.974
610,22,2023,9,AlphaTauri,19.0,16.0,65.784
611,23,2023,9,Williams,11.0,10.0,65.387
612,24,2023,9,Alfa Romeo,12.0,17.0,65.818
613,27,2023,9,Haas F1 Team,20.0,8.0,65.09
614,31,2023,9,Alpine,14.0,12.0,65.453
615,44,2023,9,Mercedes,8.0,5.0,64.819
616,55,2023,9,Ferrari,6.0,3.0,64.581
617,63,2023,9,Mercedes,7.0,11.0,65.428
618,77,2023,9,Alfa Romeo,15.0,14.0,65.68
619,81,2023,9,McLaren,16.0,13.0,65.605
620,1,2023,10,Red Bull Racing,1.0,1.0,86.72
621,2,2023,10,Williams,11.0,14.0,89.031
622,4,2023,10,McLaren,2.0,2.0,86.961
623,10,2023,10,Alpine,18.0,10.0,87.689
624,11,2023,10,Red Bull Racing,6.0,15.0,89.968
625,14,2023,10,Aston Martin,7.0,9.0,87.659
626,16,2023,10,Ferrari,9.0,4.0,87.136
627,18,2023,10,Aston Martin,14.0,12.0,88.935
628,20,2023,10,Haas F1 Team,20.0,19.0,92.378
629,21,2023,10,AlphaTauri,17.0,18.0,90.513
630,22,2023,10,AlphaTauri,16.0,16.0,90.025
631,23,2023,10,Williams,8.0,8.0,87.53
632,24,2023,10,Alfa Romeo,15.0,17.0,90.123
633,27,2023,10,Haas F1 Team,13.0,11.0,88.896
634,31,2023,10,Alpine,20.0,13.0,88.956
635,44,2023,10,Mercedes,3.0,7.0,87.211
636,55,2023,10,Ferrari,10.0,5.0,87.148
637,63,2023,10,Mercedes,5.0,6.0,87.155
638,77,2023,10,Alfa Romeo,12.0,15.0,89.798
639,81,2023,10,McLaren,4.0,3.0,87.092
640,1,2023,11,Red Bull Racing,1.0,2.0,76.612
641,2,2023,11,Williams,18.0,20.0,79.248
642,3,2023,11,AlphaTauri,13.0,13.0,78.002
643,4,2023,11,McLaren,2.0,3.0,76.694
644,10,2023,11,Alpine,20.0,15.0,78.217
645,11,2023,11,Red Bull Racing,3.0,9.0,77.045
646,14,2023,11,Aston Martin,9.0,8.0,77.035
647,16,2023,11,Ferrari,7.0,6.0,76.992
648,18,2023,11,Aston Martin,10.0,14.0,78.144
649,20,2023,11,Haas F1 Team,17.0,19.0,79.206
650,22,2023,11,AlphaTauri,15.0,17.0,78.919
651,23,2023,11,Williams,11.0,16.0,78.917
652,24,2023,11,Alfa Romeo,16.0,5.0,76.971
653,27,2023,11,Haas F1 Team,14.0,10.0,77.186
654,31,2023,11,Alpine,20.0,12.0,77.841
655,44,2023,11,Mercedes,4.0,1.0,76.609
656,55,2023,11,Ferrari,8.0,11.0,77.703
657,63,2023,11,Mercedes,6.0,18.0,79.027
658,77,2023,11,Alfa Romeo,12.0,7.0,77.034
659,81,2023,11,McLaren,5.0,4.0,76.905
660,1,2023,12,Red Bull Racing,1.0,1.0,106.168
661,2,2023,12,Williams,17.0,18.0,121.535
662,3,2023,12,AlphaTauri,16.0,19.0,122.159
663,4,2023,12,McLaren,7.0,7.0,107.669
664,10,2023,12,Alpine,11.0,12.0,113.671
665,11,2023,12,Red Bull Racing,2.0,3.0,107.045
666,14,2023,12,Aston Martin,5.0,9.0,107.843
667,16,2023,12,Ferrari,3.0,2.0,106.988
668,18,2023,12,Aston Martin,9.0,10.0,108.841
669,20,2023,12,Haas F1 Team,15.0,13.0,114.16
670,22,2023,12,AlphaTauri,10.0,11.0,113.148
671,23,2023,12,Williams,14.0,16.0,120.314
672,24,2023,12,Alfa Romeo,13.0,17.0,120.832
673,27,2023,12,Haas F1 Team,18.0,20.0,123.166
674,31,2023,12,Alpine,8.0,15.0,116.372
675,44,2023,12,Mercedes,4.0,4.0,107.087
676,55,2023,12,Ferrari,20.0,5.0,107.152
677,63,2023,12,Mercedes,6.0,8.0,107.805
678,77,2023,12,Alfa Romeo,12.0,14.0,114.694
679,81,2023,12,McLaren,20.0,6.0,107.365
680,1,2023,13,Red Bull Racing,1.0,1.0,70.567
681,2,2023,13,Williams,20.0,10.0,76.748
682,4,2023,13,McLaren,7.0,2.0,71.104
683,10,2023,13,Alpine,3.0,12.0,80.128
684,11,2023,13,Red Bull Racing,4.0,7.0,71.88
685,14,2023,13,Aston Martin,2.0,5.0,71.506
686,16,2023,13,Ferrari,20.0,9.0,72.665
687,18,2023,13,Aston Martin,11.0,11.0,80.121
688,20,2023,13,Haas F1 Team,16.0,18.0,82.192
689,22,2023,13,AlphaTauri,15.0,14.0,80.23
690,23,2023,13,Williams,8.0,4.0,71.419
691,24,2023,13,Alfa Romeo,20.0,16.0,82.067
692,27,2023,13,Haas F1 Team,12.0,15.0,80.25
693,31,2023,13,Alpine,10.0,17.0,82.11
694,40,2023,13,AlphaTauri,13.0,20.0,83.42
695,44,2023,13,Mercedes,6.0,13.0,80.151
696,55,2023,13,Ferrari,5.0,6.0,71.754
697,63,2023,13,Mercedes,17.0,3.0,71.294
698,77,2023,13,Alfa Romeo,14.0,19.0,82.26
699,81,2023,13,McLaren,9.0,8.0,71.938
700,1,2023,14,Red Bull Racing,1.0,2.0,80.307
701,2,2023,14,Williams,13.0,15.0,81.93
702,4,2023,14,McLaren,8.0,9.0,80.979
703,10,2023,14,Alpine,15.0,17.0,82.545
704,11,2023,14,Red Bull Racing,2.0,5.0,80.688
705,14,2023,14,Aston Martin,9.0,10.0,81.417
706,16,2023,14,Ferrari,4.0,3.0,80.361
707,18,2023,14,Aston Martin,16.0,20.0,82.86
708,20,2023,14,Haas F1 Team,18.0,19.0,82.592
709,22,2023,14,AlphaTauri,20.0,11.0,81.594
710,23,2023,14,Williams,7.0,6.0,80.76
711,24,2023,14,Alfa Romeo,14.0,16.0,82.39
712,27,2023,14,Haas F1 Team,17.0,13.0,81.776
713,31,2023,14,Alpine,20.0,18.0,82.548
714,40,2023,14,AlphaTauri,11.0,12.0,81.758
715,44,2023,14,Mercedes,6.0,8.0,80.82
716,55,2023,14,Ferrari,3.0,1.0,80.294
717,63,2023,14,Mercedes,5.0,4.0,80.671
718,77,2023,14,Alfa Romeo,10.0,14.0,81.94
719,81,2023,14,McLaren,12.0,7.0,80.785
720,1,2023,15,Red Bull Racing,5.0,11.0,92.173
721,2,2023,15,Williams,14.0,18.0,93.252
722,4,2023,15,McLaren,2.0,4.0,91.27
723,10,2023,15,Alpine,6.0,12.0,92.274
724,11,2023,15,Red Bull Racing,8.0,13.0,92.099
725,14,2023,15,Aston Martin,15.0,7.0,91.615
726,16,2023,15,Ferrari,4.0,3.0,91.063
727,18,2023,15,Aston Martin,20.0,20.0,93.397
728,20,2023,15,Haas F1 Team,10.0,6.0,91.575
729,22,2023,15,AlphaTauri,20.0,15.0,91.991
730,23,2023,15,Williams,11.0,14.0,92.668
731,24,2023,15,Alfa Romeo,12.0,19.0,93.258
732,27,2023,15,Haas F1 Team,13.0,9.0,91.808
733,31,2023,15,Alpine,20.0,8.0,91.673
734,40,2023,15,AlphaTauri,9.0,10.0,92.166
735,44,2023,15,Mercedes,3.0,5.0,91.485
736,55,2023,15,Ferrari,1.0,1.0,90.984
737,63,2023,15,Mercedes,16.0,2.0,91.056
738,77,2023,15,Alfa Romeo,20.0,16.0,92.809
739,81,2023,15,McLaren,7.0,17.0,92.902
740,1,2023,16,Red Bull Racing,1.0,1.0,88.877
741,2,2023,16,Williams,20.0,20.0,
742,4,2023,16,McLaren,2.0,3.0,89.493
743,10,2023,16,Alpine,10.0,12.0,90.509
744,11,2023,16,Red Bull Racing,20.0,5.0,89.65
745,14,2023,16,Aston Martin,8.0,10.0,90.465
746,16,2023,16,Ferrari,4.0,4.0,89.542
747,18,2023,16,Aston Martin,20.0,17.0,91.181
748,20,2023,16,Haas F1 Team,15.0,15.0,90.665
749,22,2023,16,AlphaTauri,12.0,9.0,90.204
750,23,2023,16,Williams,20.0,13.0,90.537
751,24,2023,16,Alfa Romeo,13.0,19.0,91.398
752,27,2023,16,Haas F1 Team,14.0,18.0,91.299
753,31,2023,16,Alpine,9.0,14.0,90.586
754,40,2023,16,AlphaTauri,11.0,11.0,90.425
755,44,2023,16,Mercedes,5.0,7.0,89.908
756,55,2023,16,Ferrari,6.0,6.0,89.85
757,63,2023,16,Mercedes,7.0,8.0,90.219
758,77,2023,16,Alfa Romeo,20.0,16.0,91.049
759,81,2023,16,McLaren,3.0,2.0,89.458
760,1,2023,17,Red Bull Racing,1.0,1.0,83.778
761,2,2023,17,Williams,20.0,16.0,86.21
762,4,2023,17,McLaren,3.0,10.0,84.074
763,10,2023,17,Alpine,12.0,7.0,84.553
764,11,2023,17,Red Bull Racing,10.0,13.0,85.462
765,14,2023,17,Aston Martin,6.0,4.0,84.369
766,16,2023,17,Ferrari,5.0,5.0,84.424
767,18,2023,17,Aston Martin,11.0,17.0,86.345
768,20,2023,17,Haas F1 Team,14.0,19.0,87.046
769,22,2023,17,AlphaTauri,15.0,11.0,85.301
770,23,2023,17,Williams,13.0,14.0,85.707
771,24,2023,17,Alfa Romeo,9.0,20.0,87.432
772,27,2023,17,Haas F1 Team,16.0,15.0,85.783
773,31,2023,17,Alpine,7.0,8.0,84.763
774,40,2023,17,AlphaTauri,17.0,18.0,86.635
775,44,2023,17,Mercedes,20.0,3.0,84.305
776,55,2023,17,Ferrari,20.0,12.0,85.328
777,63,2023,17,Mercedes,4.0,2.0,84.219
778,77,2023,17,Alfa Romeo,8.0,9.0,85.058
779,81,2023,17,McLaren,2.0,6.0,84.228
780,1,2023,18,Red Bull Racing,1.0,6.0,95.008
781,2,2023,18,Williams,10.0,20.0,96.827
782,3,2023,18,AlphaTauri,15.0,15.0,95.974
783,4,2023,18,McLaren,2.0,2.0,94.853
784,10,2023,18,Alpine,6.0,7.0,95.089
785,11,2023,18,Red Bull Racing,4.0,9.0,95.173
786,14,2023,18,Aston Martin,20.0,17.0,96.268
787,16,2023,18,Ferrari,20.0,1.0,94.723
788,18,2023,18,Aston Martin,7.0,19.0,96.589
789,20,2023,18,Haas F1 Team,14.0,14.0,95.88
790,22,2023,18,AlphaTauri,8.0,11.0,95.697
791,23,2023,18,Williams,9.0,18.0,96.315
792,24,2023,18,Alfa Romeo,13.0,12.0,95.698
793,27,2023,18,Haas F1 Team,11.0,16.0,96.235
794,31,2023,18,Alpine,20.0,8.0,95.154
795,44,2023,18,Mercedes,19.0,3.0,94.862
796,55,2023,18,Ferrari,3.0,4.0,94.945
797,63,2023,18,Mercedes,5.0,5.0,95.079
798,77,2023,18,Alfa Romeo,12.0,13.0,95.858
799,81,2023,18,McLaren,20.0,10.0,95.467
800,1,2023,19,Red Bull Racing,1.0,3.0,77.263
801,2,2023,19,Williams,16.0,20.0,79.965
802,3,2023,19,AlphaTauri,7.0,4.0,77.382
803,4,2023,19,McLaren,5.0,19.0,81.554
804,10,2023,19,Alpine,11.0,11.0,78.521
805,11,2023,19,Red Bull Racing,20.0,5.0,77.423
806,14,2023,19,Aston Martin,20.0,13.0,78.738
807,16,2023,19,Ferrari,3.0,1.0,77.166
808,18,2023,19,Aston Martin,17.0,18.0,79.227
809,20,2023,19,Haas F1 Team,20.0,17.0,79.163
810,22,2023,19,AlphaTauri,12.0,15.0,78.89
811,23,2023,19,Williams,9.0,14.0,78.828
812,24,2023,19,Alfa Romeo,14.0,10.0,78.05
813,27,2023,19,Haas F1 Team,13.0,12.0,78.524
814,31,2023,19,Alpine,10.0,16.0,79.08
815,44,2023,19,Mercedes,2.0,6.0,77.454
816,55,2023,19,Ferrari,4.0,2.0,77.233
817,63,2023,19,Mercedes,6.0,8.0,77.673
818,77,2023,19,Alfa Romeo,15.0,9.0,78.016
819,81,2023,19,McLaren,8.0,7.0,77.623
820,1,2023,20,Red Bull Racing,1.0,1.0,70.162
821,2,2023,20,Williams,11.0,19.0,71.035
822,3,2023,20,AlphaTauri,13.0,17.0,70.843
823,4,2023,20,McLaren,2.0,7.0,70.021
824,10,2023,20,Alpine,7.0,13.0,70.567
825,11,2023,20,Red Bull Racing,4.0,9.0,70.219
826,14,2023,20,Aston Martin,3.0,4.0,70.237
827,16,2023,20,Ferrari,20.0,2.0,70.303
828,18,2023,20,Aston Martin,5.0,3.0,70.375
829,20,2023,20,Haas F1 Team,20.0,14.0,70.602
830,22,2023,20,AlphaTauri,9.0,16.0,70.837
831,23,2023,20,Williams,20.0,15.0,70.621
832,24,2023,20,Alfa Romeo,20.0,20.0,71.275
833,27,2023,20,Haas F1 Team,12.0,11.0,70.475
834,31,2023,20,Alpine,10.0,12.0,70.562
835,44,2023,20,Mercedes,8.0,5.0,70.266
836,55,2023,20,Ferrari,6.0,8.0,70.254
837,63,2023,20,Mercedes,20.0,6.0,70.316
838,77,2023,20,Alfa Romeo,20.0,18.0,70.955
839,81,2023,20,McLaren,14.0,10.0,70.33
840,1,2023,21,Red Bull Racing,1.0,3.0,93.104
841,2,2023,21,Williams,16.0,7.0,93.513
842,3,2023,21,AlphaTauri,14.0,15.0,94.308
843,4,2023,21,McLaren,20.0,16.0,94.703
844,10,2023,21,Alpine,11.0,5.0,93.239
845,11,2023,21,Red Bull Racing,3.0,12.0,93.855
846,14,2023,21,Aston Martin,9.0,10.0,93.555
847,16,2023,21,Ferrari,2.0,1.0,92.726
848,18,2023,21,Aston Martin,5.0,14.0,94.199
849,20,2023,21,Haas F1 Team,13.0,9.0,93.537
850,22,2023,21,AlphaTauri,18.0,20.0,96.447
851,23,2023,21,Williams,12.0,6.0,93.323
852,24,2023,21,Alfa Romeo,15.0,18.0,94.849
853,27,2023,21,Haas F1 Team,19.0,13.0,93.979
854,31,2023,21,Alpine,4.0,17.0,94.834
855,44,2023,21,Mercedes,7.0,11.0,93.837
856,55,2023,21,Ferrari,6.0,2.0,92.77
857,63,2023,21,Mercedes,8.0,4.0,93.112
858,77,2023,21,Alfa Romeo,17.0,8.0,93.525
859,81,2023,21,McLaren,10.0,19.0,94.85
860,1,2023,22,Red Bull Racing,1.0,1.0,83.445
861,2,2023,22,Williams,16.0,20.0,84.532
862,3,2023,22,AlphaTauri,11.0,15.0,84.442
863,4,2023,22,McLaren,5.0,5.0,83.816
864,10,2023,22,Alpine,13.0,10.0,84.078
865,11,2023,22,Red Bull Racing,4.0,9.0,84.116
866,14,2023,22,Aston Martin,7.0,7.0,84.084
867,16,2023,22,Ferrari,2.0,2.0,83.584
868,18,2023,22,Aston Martin,10.0,13.0,84.405
869,20,2023,22,Haas F1 Team,20.0,17.0,84.764
870,22,2023,22,AlphaTauri,8.0,6.0,83.968
871,23,2023,22,Williams,14.0,14.0,84.298
872,24,2023,22,Alfa Romeo,17.0,19.0,85.159
873,27,2023,22,Haas F1 Team,15.0,8.0,84.108
874,31,2023,22,Alpine,12.0,12.0,84.391
875,44,2023,22,Mercedes,9.0,11.0,84.359
876,55,2023,22,Ferrari,18.0,16.0,84.738
877,63,2023,22,Mercedes,3.0,4.0,83.788
878,77,2023,22,Alfa Romeo,19.0,18.0,84.788
879,81,2023,22,McLaren,6.0,3.0,83.782
880,1,2024,1,Red Bull Racing,1.0,1.0,89.179
881,2,2024,1,Williams,20.0,18.0,90.77
882,3,2024,1,RB,13.0,14.0,90.278
883,4,2024,1,McLaren,6.0,7.0,89.614
884,10,2024,1,Alpine,18.0,20.0,90.948
885,11,2024,1,Red Bull Racing,2.0,5.0,89.537
886,14,2024,1,Aston Martin,9.0,6.0,89.542
887,16,2024,1,Ferrari,4.0,2.0,89.165
888,18,2024,1,Aston Martin,10.0,12.0,89.965
889,20,2024,1,Haas F1 Team,12.0,15.0,90.529
890,22,2024,1,RB,14.0,11.0,90.129
891,23,2024,1,Williams,15.0,13.0,90.221
892,24,2024,1,Kick Sauber,11.0,17.0,90.757
893,27,2024,1,Haas F1 Team,16.0,10.0,89.851
894,31,2024,1,Alpine,17.0,19.0,90.793
895,44,2024,1,Mercedes,7.0,9.0,89.71
896,55,2024,1,Ferrari,3.0,4.0,89.507
897,63,2024,1,Mercedes,5.0,3.0,89.485
898,77,2024,1,Kick Sauber,19.0,16.0,90.756
899,81,2024,1,McLaren,8.0,8.0,89.683
900,1,2024,2,Red Bull Racing,1.0,1.0,87.472
901,2,2024,2,Williams,14.0,19.0,89.526
902,3,2024,2,RB,16.0,14.0,89.025
903,4,2024,2,McLaren,8.0,6.0,88.132
904,10,2024,2,Alpine,20.0,18.0,89.479
905,11,2024,2,Red Bull Racing,2.0,3.0,87.807
906,14,2024,2,Aston Martin,5.0,4.0,87.846
907,16,2024,2,Ferrari,3.0,2.0,87.791
908,18,2024,2,Aston Martin,20.0,10.0,88.25
909,20,2024,2,Haas F1 Team,12.0,13.0,89.02
910,22,2024,2,RB,15.0,9.0,88.547
911,23,2024,2,Williams,11.0,12.0,88.98
912,24,2024,2,Kick Sauber,18.0,20.0,
913,27,2024,2,Haas F1 Team,10.0,15.0,89.055
914,31,2024,2,Alpine,13.0,17.0,89.475
915,38,2024,2,Ferrari,7.0,11.0,88.642
916,44,2024,2,Mercedes,9.0,8.0,88.46
917,63,2024,2,Mercedes,6.0,7.0,88.316
918,77,2024,2,Kick Sauber,17.0,16.0,89.179
919,81,2024,2,McLaren,4.0,5.0,88.089
920,1,2024,3,Red Bull Racing,20.0,1.0,75.915
921,3,2024,3,RB,12.0,18.0,78.085
922,4,2024,3,McLaren,3.0,4.0,76.315
923,10,2024,3,Alpine,13.0,17.0,77.982
924,11,2024,3,Red Bull Racing,5.0,3.0,76.274
925,14,2024,3,Aston Martin,8.0,10.0,76.71
926,16,2024,3,Ferrari,2.0,5.0,76.304
927,18,2024,3,Aston Martin,6.0,9.0,76.78
928,20,2024,3,Haas F1 Team,10.0,14.0,77.427
929,22,2024,3,RB,7.0,8.0,76.788
930,23,2024,3,Williams,11.0,12.0,77.13
931,24,2024,3,Kick Sauber,15.0,19.0,78.188
932,27,2024,3,Haas F1 Team,9.0,16.0,77.976
933,31,2024,3,Alpine,16.0,15.0,77.617
934,44,2024,3,Mercedes,20.0,11.0,76.96
935,55,2024,3,Ferrari,1.0,2.0,76.185
936,63,2024,3,Mercedes,17.0,7.0,76.724
937,77,2024,3,Kick Sauber,14.0,13.0,77.34
938,81,2024,3,McLaren,4.0,6.0,76.572
939,1,2024,4,Red Bull Racing,1.0,1.0,88.197
940,2,2024,4,Williams,17.0,19.0,90.139
941,3,2024,4,RB,20.0,11.0,89.472
942,4,2024,4,McLaren,5.0,3.0,88.489
943,10,2024,4,Alpine,16.0,17.0,90.119
944,11,2024,4,Red Bull Racing,2.0,2.0,88.263
945,14,2024,4,Aston Martin,6.0,5.0,88.686
946,16,2024,4,Ferrari,4.0,8.0,88.786
947,18,2024,4,Aston Martin,12.0,16.0,90.024
948,20,2024,4,Haas F1 Team,13.0,18.0,90.131
949,22,2024,4,RB,10.0,10.0,89.413
950,23,2024,4,Williams,20.0,14.0,89.714
951,24,2024,4,Kick Sauber,20.0,20.0,90.143
952,27,2024,4,Haas F1 Team,11.0,12.0,89.494
953,31,2024,4,Alpine,15.0,15.0,89.811
954,44,2024,4,Mercedes,9.0,7.0,88.766
955,55,2024,4,Ferrari,3.0,4.0,88.682
956,63,2024,4,Mercedes,7.0,9.0,89.008
957,77,2024,4,Kick Sauber,14.0,13.0,89.593
958,81,2024,4,McLaren,8.0,6.0,88.76
959,1,2024,5,Red Bull Racing,1.0,1.0,93.66
960,2,2024,5,Williams,17.0,20.0,96.358
961,3,2024,5,RB,20.0,12.0,94.934
962,4,2024,5,McLaren,2.0,4.0,94.165
963,10,2024,5,Alpine,13.0,15.0,95.287
964,11,2024,5,Red Bull Racing,3.0,2.0,93.982
965,14,2024,5,Aston Martin,7.0,3.0,94.148
966,16,2024,5,Ferrari,4.0,6.0,94.289
967,18,2024,5,Aston Martin,15.0,11.0,94.838
968,20,2024,5,Haas F1 Team,16.0,17.0,95.516
969,22,2024,5,RB,20.0,19.0,95.746
970,23,2024,5,Williams,12.0,14.0,95.241
971,24,2024,5,Kick Sauber,14.0,16.0,95.505
972,27,2024,5,Haas F1 Team,10.0,9.0,94.604
973,31,2024,5,Alpine,11.0,13.0,95.223
974,44,2024,5,Mercedes,9.0,18.0,95.573
975,55,2024,5,Ferrari,5.0,7.0,94.297
976,63,2024,5,Mercedes,6.0,8.0,94.433
977,77,2024,5,Kick Sauber,20.0,10.0,94.665
978,81,2024,5,McLaren,8.0,5.0,94.273
979,1,2024,6,Red Bull Racing,2.0,1.0,87.241
980,2,2024,6,Williams,20.0,17.0,88.487
981,3,2024,6,RB,15.0,18.0,88.617
982,4,2024,6,McLaren,1.0,5.0,87.594
983,10,2024,6,Alpine,12.0,12.0,87.976
984,11,2024,6,Red Bull Racing,4.0,4.0,87.46
985,14,2024,6,Aston Martin,9.0,15.0,88.427
986,16,2024,6,Ferrari,3.0,2.0,87.382
987,18,2024,6,Aston Martin,17.0,11.0,88.177
988,20,2024,6,Haas F1 Team,19.0,19.0,88.619
989,22,2024,6,RB,7.0,10.0,88.167
990,23,2024,6,Williams,18.0,14.0,88.343
991,24,2024,6,Kick Sauber,14.0,20.0,88.824
992,27,2024,6,Haas F1 Team,11.0,9.0,88.146
993,31,2024,6,Alpine,10.0,13.0,88.209
994,44,2024,6,Mercedes,6.0,8.0,87.697
995,55,2024,6,Ferrari,5.0,3.0,87.455
996,63,2024,6,Mercedes,8.0,7.0,88.067
997,77,2024,6,Kick Sauber,16.0,16.0,88.463
998,81,2024,6,McLaren,13.0,6.0,87.675
999,1,2024,7,Red Bull Racing,1.0,1.0,74.746
1000,2,2024,7,Williams,17.0,20.0,76.731
1001,3,2024,7,RB,13.0,9.0,75.674
1002,4,2024,7,McLaren,2.0,3.0,74.837
1003,10,2024,7,Alpine,16.0,15.0,76.015
1004,11,2024,7,Red Bull Racing,8.0,11.0,75.706
1005,14,2024,7,Aston Martin,19.0,19.0,76.917
1006,16,2024,7,Ferrari,3.0,4.0,74.97
1007,18,2024,7,Aston Martin,9.0,13.0,75.992
1008,20,2024,7,Haas F1 Team,12.0,18.0,76.854
1009,22,2024,7,RB,10.0,7.0,75.358
1010,23,2024,7,Williams,20.0,14.0,76.2
1011,24,2024,7,Kick Sauber,15.0,17.0,76.834
1012,27,2024,7,Haas F1 Team,11.0,10.0,75.569
1013,31,2024,7,Alpine,14.0,12.0,75.906
1014,44,2024,7,Mercedes,6.0,8.0,75.504
1015,55,2024,7,Ferrari,5.0,5.0,75.233
1016,63,2024,7,Mercedes,7.0,6.0,75.234
1017,77,2024,7,Kick Sauber,18.0,16.0,76.626
1018,81,2024,7,McLaren,4.0,2.0,74.82
1019,1,2024,8,Red Bull Racing,6.0,6.0,70.567
1020,2,2024,8,Williams,15.0,15.0,72.02
1021,3,2024,8,RB,12.0,12.0,71.482
1022,4,2024,8,McLaren,4.0,4.0,70.542
1023,10,2024,8,Alpine,10.0,10.0,70.896
1024,11,2024,8,Red Bull Racing,20.0,16.0,72.06
1025,14,2024,8,Aston Martin,11.0,14.0,72.019
1026,16,2024,8,Ferrari,1.0,1.0,70.27
1027,18,2024,8,Aston Martin,14.0,13.0,71.563
1028,20,2024,8,Haas F1 Team,20.0,15.0,71.725
1029,22,2024,8,RB,8.0,8.0,70.858
1030,23,2024,8,Williams,9.0,9.0,70.948
1031,24,2024,8,Kick Sauber,16.0,18.0,73.028
1032,27,2024,8,Haas F1 Team,20.0,14.0,71.44
1033,31,2024,8,Alpine,20.0,11.0,71.285
1034,44,2024,8,Mercedes,7.0,7.0,70.621
1035,55,2024,8,Ferrari,3.0,3.0,70.518
1036,63,2024,8,Mercedes,5.0,5.0,70.543
1037,77,2024,8,Kick Sauber,13.0,17.0,72.512
1038,81,2024,8,McLaren,2.0,2.0,70.424
1039,1,2024,9,Red Bull Racing,1.0,2.0,72.0
1040,2,2024,9,Williams,20.0,13.0,72.736
1041,3,2024,9,RB,8.0,5.0,72.178
1042,4,2024,9,McLaren,2.0,3.0,72.021
1043,10,2024,9,Alpine,9.0,15.0,72.94
1044,11,2024,9,Red Bull Racing,20.0,16.0,73.326
1045,14,2024,9,Aston Martin,6.0,6.0,72.228
1046,16,2024,9,Ferrari,20.0,11.0,72.691
1047,18,2024,9,Aston Martin,7.0,9.0,72.659
1048,20,2024,9,Haas F1 Team,12.0,14.0,72.916
1049,22,2024,9,RB,14.0,8.0,72.303
1050,23,2024,9,Williams,20.0,10.0,72.485
1051,24,2024,9,Kick Sauber,15.0,20.0,74.292
1052,27,2024,9,Haas F1 Team,11.0,19.0,73.978
1053,31,2024,9,Alpine,10.0,18.0,73.435
1054,44,2024,9,Mercedes,4.0,7.0,71.979
1055,55,2024,9,Ferrari,20.0,12.0,72.728
1056,63,2024,9,Mercedes,3.0,1.0,71.742
1057,77,2024,9,Kick Sauber,13.0,17.0,73.366
1058,81,2024,9,McLaren,5.0,4.0,72.103
1059,1,2024,10,Red Bull Racing,1.0,2.0,71.403
1060,2,2024,10,Williams,20.0,20.0,73.509
1061,3,2024,10,RB,15.0,18.0,73.075
1062,4,2024,10,McLaren,2.0,1.0,71.383
1063,10,2024,10,Alpine,9.0,7.0,71.857
1064,11,2024,10,Red Bull Racing,8.0,8.0,72.054
1065,14,2024,10,Aston Martin,12.0,11.0,72.128
1066,16,2024,10,Ferrari,5.0,5.0,71.731
1067,18,2024,10,Aston Martin,14.0,14.0,72.372
1068,20,2024,10,Haas F1 Team,17.0,16.0,72.937
1069,22,2024,10,RB,19.0,17.0,72.985
1070,23,2024,10,Williams,18.0,19.0,73.153
1071,24,2024,10,Kick Sauber,13.0,15.0,72.738
1072,27,2024,10,Haas F1 Team,11.0,13.0,72.31
1073,31,2024,10,Alpine,10.0,9.0,72.109
1074,44,2024,10,Mercedes,3.0,3.0,71.701
1075,55,2024,10,Ferrari,6.0,6.0,71.736
1076,63,2024,10,Mercedes,4.0,4.0,71.703
1077,77,2024,10,Kick Sauber,16.0,12.0,72.227
1078,81,2024,10,McLaren,7.0,10.0,72.011
1079,1,2024,11,Red Bull Racing,5.0,1.0,64.314
1080,2,2024,11,Williams,19.0,19.0,65.856
1081,3,2024,11,RB,9.0,11.0,65.289
1082,4,2024,11,McLaren,20.0,2.0,64.718
1083,10,2024,11,Alpine,10.0,13.0,65.359
1084,11,2024,11,Red Bull Racing,7.0,8.0,65.144
1085,14,2024,11,Aston Martin,18.0,15.0,65.639
1086,16,2024,11,Ferrari,11.0,6.0,65.044
1087,18,2024,11,Aston Martin,13.0,17.0,65.819
1088,20,2024,11,Haas F1 Team,8.0,12.0,65.347
1089,22,2024,11,RB,14.0,14.0,65.412
1090,23,2024,11,Williams,15.0,16.0,65.736
1091,24,2024,11,Kick Sauber,17.0,20.0,66.061
1092,27,2024,11,Haas F1 Team,6.0,9.0,65.262
1093,31,2024,11,Alpine,12.0,10.0,65.274
1094,44,2024,11,Mercedes,4.0,5.0,64.903
1095,55,2024,11,Ferrari,3.0,4.0,64.851
1096,63,2024,11,Mercedes,1.0,3.0,64.84
1097,77,2024,11,Kick Sauber,16.0,18.0,65.847
1098,81,2024,11,McLaren,2.0,7.0,65.048
1099,1,2024,12,Red Bull Racing,2.0,4.0,86.203
1100,2,2024,12,Williams,11.0,12.0,87.175
1101,3,2024,12,RB,13.0,15.0,87.949
1102,4,2024,12,McLaren,3.0,3.0,86.03
1103,10,2024,12,Alpine,20.0,20.0,99.804
1104,11,2024,12,Red Bull Racing,17.0,19.0,98.348
1105,14,2024,12,Aston Martin,8.0,10.0,86.73
1106,16,2024,12,Ferrari,14.0,11.0,87.097
1107,18,2024,12,Aston Martin,7.0,8.0,86.585
1108,20,2024,12,Haas F1 Team,12.0,17.0,92.905
1109,22,2024,12,RB,10.0,13.0,87.269
1110,23,2024,12,Williams,9.0,9.0,86.64
1111,24,2024,12,Kick Sauber,18.0,14.0,87.867
1112,27,2024,12,Haas F1 Team,6.0,6.0,86.338
1113,31,2024,12,Alpine,16.0,18.0,94.557
1114,44,2024,12,Mercedes,1.0,2.0,85.99
1115,55,2024,12,Ferrari,5.0,7.0,86.509
1116,63,2024,12,Mercedes,20.0,1.0,85.819
1117,77,2024,12,Kick Sauber,15.0,16.0,92.431
1118,81,2024,12,McLaren,4.0,5.0,86.237
1119,1,2024,13,Red Bull Racing,5.0,3.0,75.273
1120,2,2024,13,Williams,17.0,14.0,76.543
1121,3,2024,13,RB,12.0,9.0,76.202
1122,4,2024,13,McLaren,2.0,1.0,75.227
1123,10,2024,13,Alpine,20.0,20.0,78.166
1124,11,2024,13,Red Bull Racing,7.0,16.0,77.886
1125,14,2024,13,Aston Martin,11.0,7.0,76.043
1126,16,2024,13,Ferrari,4.0,6.0,75.891
1127,18,2024,13,Aston Martin,10.0,8.0,76.075
1128,20,2024,13,Haas F1 Team,15.0,15.0,76.548
1129,22,2024,13,RB,9.0,10.0,76.121
1130,23,2024,13,Williams,14.0,13.0,76.429
1131,24,2024,13,Kick Sauber,19.0,18.0,78.037
1132,27,2024,13,Haas F1 Team,13.0,11.0,76.317
1133,31,2024,13,Alpine,18.0,19.0,78.049
1134,44,2024,13,Mercedes,3.0,5.0,75.854
1135,55,2024,13,Ferrari,6.0,4.0,75.696
1136,63,2024,13,Mercedes,8.0,17.0,77.968
1137,77,2024,13,Kick Sauber,16.0,12.0,76.384
1138,81,2024,13,McLaren,1.0,2.0,75.249
1139,1,2024,14,Red Bull Racing,4.0,1.0,113.159
1140,2,2024,14,Williams,17.0,19.0,117.23
1141,3,2024,14,RB,10.0,13.0,114.682
1142,4,2024,14,McLaren,5.0,5.0,113.981
1143,10,2024,14,Alpine,13.0,12.0,114.635
1144,11,2024,14,Red Bull Racing,7.0,3.0,113.765
1145,14,2024,14,Aston Martin,8.0,9.0,114.258
1146,16,2024,14,Ferrari,3.0,2.0,113.754
1147,18,2024,14,Aston Martin,11.0,15.0,115.716
1148,20,2024,14,Haas F1 Team,14.0,17.0,116.5
1149,22,2024,14,RB,16.0,18.0,116.593
1150,23,2024,14,Williams,12.0,11.0,114.473
1151,24,2024,14,Kick Sauber,20.0,20.0,117.775
1152,27,2024,14,Haas F1 Team,18.0,16.0,116.308
1153,31,2024,14,Alpine,9.0,10.0,114.46
1154,44,2024,14,Mercedes,1.0,4.0,113.835
1155,55,2024,14,Ferrari,6.0,8.0,114.112
1156,63,2024,14,Mercedes,20.0,7.0,114.095
1157,77,2024,14,Kick Sauber,15.0,14.0,114.764
1158,81,2024,14,McLaren,2.0,6.0,114.027
1159,1,2024,15,Red Bull Racing,2.0,2.0,70.029
1160,2,2024,15,Williams,16.0,20.0,
1161,3,2024,15,RB,12.0,15.0,71.943
1162,4,2024,15,McLaren,1.0,1.0,69.673
1163,10,2024,15,Alpine,9.0,9.0,70.815
1164,11,2024,15,Red Bull Racing,6.0,5.0,70.416
1165,14,2024,15,Aston Martin,10.0,7.0,70.633
1166,16,2024,15,Ferrari,3.0,6.0,70.582
1167,18,2024,15,Aston Martin,13.0,8.0,70.661
1168,20,2024,15,Haas F1 Team,18.0,14.0,71.295
1169,22,2024,15,RB,17.0,12.0,70.955
1170,23,2024,15,Williams,14.0,10.0,70.653
1171,24,2024,15,Kick Sauber,20.0,18.0,73.261
1172,27,2024,15,Haas F1 Team,11.0,13.0,71.215
1173,31,2024,15,Alpine,15.0,16.0,71.995
1174,44,2024,15,Mercedes,8.0,11.0,70.948
1175,55,2024,15,Ferrari,5.0,10.0,70.914
1176,63,2024,15,Mercedes,7.0,4.0,70.244
1177,77,2024,15,Kick Sauber,19.0,17.0,72.168
1178,81,2024,15,McLaren,4.0,3.0,70.172
1179,1,2024,16,Red Bull Racing,6.0,7.0,79.662
1180,3,2024,16,RB,13.0,12.0,80.479
1181,4,2024,16,McLaren,3.0,1.0,79.327
1182,10,2024,16,Alpine,15.0,14.0,80.738
1183,11,2024,16,Red Bull Racing,8.0,8.0,80.062
1184,14,2024,16,Aston Martin,11.0,11.0,80.421
1185,16,2024,16,Ferrari,1.0,4.0,79.461
1186,18,2024,16,Aston Martin,19.0,17.0,81.013
1187,20,2024,16,Haas F1 Team,10.0,13.0,80.698
1188,22,2024,16,RB,20.0,16.0,80.945
1189,23,2024,16,Williams,9.0,9.0,80.299
1190,24,2024,16,Kick Sauber,18.0,20.0,81.445
1191,27,2024,16,Haas F1 Team,17.0,10.0,80.339
1192,31,2024,16,Alpine,14.0,15.0,80.764
1193,43,2024,16,Williams,12.0,18.0,81.061
1194,44,2024,16,Mercedes,5.0,6.0,79.513
1195,55,2024,16,Ferrari,4.0,5.0,79.467
1196,63,2024,16,Mercedes,7.0,3.0,79.44
1197,77,2024,16,Kick Sauber,16.0,19.0,81.101
1198,81,2024,16,McLaren,2.0,2.0,79.436
1199,1,2024,17,Red Bull Racing,5.0,6.0,102.023
1200,3,2024,17,RB,13.0,15.0,103.547
1201,4,2024,17,McLaren,4.0,16.0,103.609
1202,10,2024,17,Alpine,12.0,15.0,103.088
1203,11,2024,17,Red Bull Racing,17.0,4.0,101.813
1204,14,2024,17,Aston Martin,6.0,8.0,102.369
1205,16,2024,17,Ferrari,2.0,1.0,101.365
1206,18,2024,17,Aston Martin,19.0,14.0,103.37
1207,22,2024,17,RB,20.0,12.0,103.035
1208,23,2024,17,Williams,7.0,10.0,102.84
1209,24,2024,17,Kick Sauber,14.0,18.0,104.246
1210,27,2024,17,Haas F1 Team,11.0,13.0,103.101
1211,31,2024,17,Alpine,15.0,19.0,104.504
1212,43,2024,17,Williams,8.0,9.0,102.473
1213,44,2024,17,Mercedes,9.0,7.0,102.289
1214,50,2024,17,Haas F1 Team,10.0,11.0,102.968
1215,55,2024,17,Ferrari,18.0,3.0,101.805
1216,63,2024,17,Mercedes,3.0,5.0,101.874
1217,77,2024,17,Kick Sauber,16.0,17.0,103.618
1218,81,2024,17,McLaren,1.0,2.0,101.686
1219,1,2024,18,Red Bull Racing,2.0,2.0,89.68
1220,3,2024,18,RB,18.0,16.0,91.085
1221,4,2024,18,McLaren,1.0,1.0,89.525
1222,10,2024,18,Alpine,17.0,18.0,91.312
1223,11,2024,18,Red Bull Racing,10.0,13.0,90.579
1224,14,2024,18,Aston Martin,8.0,7.0,90.214
1225,16,2024,18,Ferrari,5.0,9.0,89.747
1226,18,2024,18,Aston Martin,14.0,17.0,91.094
1227,20,2024,18,Haas F1 Team,19.0,14.0,90.653
1228,22,2024,18,RB,12.0,8.0,90.289
1229,23,2024,18,Williams,20.0,11.0,90.474
1230,24,2024,18,Kick Sauber,15.0,20.0,92.054
1231,27,2024,18,Haas F1 Team,9.0,6.0,90.115
1232,31,2024,18,Alpine,13.0,15.0,90.769
1233,43,2024,18,Williams,11.0,12.0,90.481
1234,44,2024,18,Mercedes,6.0,3.0,89.841
1235,55,2024,18,Ferrari,7.0,10.0,90.108
1236,63,2024,18,Mercedes,4.0,4.0,89.867
1237,77,2024,18,Kick Sauber,16.0,19.0,91.572
1238,81,2024,18,McLaren,3.0,5.0,89.64
1239,1,2024,19,Red Bull Racing,3.0,2.0,92.361
1240,4,2024,19,McLaren,4.0,1.0,92.33
1241,10,2024,19,Alpine,12.0,7.0,93.018
1242,11,2024,19,Red Bull Racing,7.0,10.0,93.02
1243,14,2024,19,Aston Martin,13.0,8.0,93.309
1244,16,2024,19,Ferrari,1.0,4.0,92.74
1245,18,2024,19,Aston Martin,15.0,14.0,93.759
1246,20,2024,19,Haas F1 Team,11.0,9.0,93.474
1247,22,2024,19,RB,14.0,11.0,93.506
1248,23,2024,19,Williams,16.0,16.0,94.051
1249,24,2024,19,Kick Sauber,19.0,20.0,94.228
1250,27,2024,19,Haas F1 Team,8.0,12.0,93.544
1251,30,2024,19,RB,9.0,15.0,93.339
1252,31,2024,19,Alpine,18.0,13.0,93.597
1253,43,2024,19,Williams,10.0,17.0,94.062
1254,44,2024,19,Mercedes,20.0,19.0,94.154
1255,55,2024,19,Ferrari,2.0,3.0,92.652
1256,63,2024,19,Mercedes,6.0,6.0,92.974
1257,77,2024,19,Kick Sauber,17.0,18.0,94.152
1258,81,2024,19,McLaren,5.0,5.0,92.95
1259,1,2024,20,Red Bull Racing,6.0,2.0,76.171
1260,4,2024,20,McLaren,2.0,3.0,76.26
1261,10,2024,20,Alpine,10.0,8.0,76.892
1262,11,2024,20,Red Bull Racing,17.0,18.0,77.611
1263,14,2024,20,Aston Martin,20.0,13.0,77.168
1264,16,2024,20,Ferrari,3.0,4.0,76.265
1265,18,2024,20,Aston Martin,11.0,14.0,77.294
1266,20,2024,20,Haas F1 Team,7.0,7.0,76.886
1267,22,2024,20,RB,20.0,11.0,77.129
1268,23,2024,20,Williams,20.0,9.0,76.988
1269,24,2024,20,Kick Sauber,15.0,20.0,78.072
1270,27,2024,20,Haas F1 Team,9.0,10.0,76.995
1271,30,2024,20,RB,16.0,12.0,77.162
1272,31,2024,20,Alpine,13.0,19.0,77.617
1273,43,2024,20,Williams,12.0,16.0,77.558
1274,44,2024,20,Mercedes,4.0,6.0,76.651
1275,55,2024,20,Ferrari,1.0,1.0,75.946
1276,63,2024,20,Mercedes,5.0,5.0,76.356
1277,77,2024,20,Kick Sauber,14.0,15.0,77.393
1278,81,2024,20,McLaren,8.0,17.0,77.597
1279,1,2024,21,Red Bull Racing,1.0,12.0,87.771
1280,4,2024,21,McLaren,6.0,1.0,83.405
1281,10,2024,21,Alpine,3.0,15.0,89.42
1282,11,2024,21,Red Bull Racing,11.0,13.0,88.158
1283,14,2024,21,Aston Martin,14.0,9.0,85.035
1284,16,2024,21,Ferrari,5.0,6.0,84.525
1285,18,2024,21,Aston Martin,20.0,10.0,86.334
1286,22,2024,21,RB,7.0,3.0,84.111
1287,23,2024,21,Williams,20.0,7.0,84.657
1288,24,2024,21,Kick Sauber,15.0,20.0,92.263
1289,27,2024,21,Haas F1 Team,20.0,19.0,91.623
1290,30,2024,21,RB,9.0,5.0,84.484
1291,31,2024,21,Alpine,2.0,4.0,84.475
1292,43,2024,21,Williams,20.0,18.0,91.27
1293,44,2024,21,Mercedes,10.0,16.0,91.15
1294,50,2024,21,Haas F1 Team,12.0,17.0,91.229
1295,55,2024,21,Ferrari,20.0,14.0,89.406
1296,63,2024,21,Mercedes,4.0,2.0,83.578
1297,77,2024,21,Kick Sauber,13.0,11.0,86.472
1298,81,2024,21,McLaren,8.0,8.0,84.686
1299,1,2024,22,Red Bull Racing,5.0,5.0,92.797
1300,4,2024,22,McLaren,6.0,6.0,93.008
1301,10,2024,22,Alpine,20.0,3.0,92.664
1302,11,2024,22,Red Bull Racing,10.0,16.0,94.155
1303,14,2024,22,Aston Martin,11.0,17.0,94.258
1304,16,2024,22,Ferrari,4.0,4.0,92.783
1305,18,2024,22,Aston Martin,15.0,20.0,94.484
1306,20,2024,22,Haas F1 Team,12.0,12.0,93.297
1307,22,2024,22,RB,9.0,7.0,93.029
1308,23,2024,22,Williams,20.0,18.0,94.425
1309,24,2024,22,Kick Sauber,13.0,13.0,93.566
1310,27,2024,22,Haas F1 Team,8.0,9.0,93.062
1311,30,2024,22,RB,16.0,15.0,94.087
1312,31,2024,22,Alpine,17.0,11.0,93.221
1313,43,2024,22,Williams,14.0,14.0,93.746
1314,44,2024,22,Mercedes,2.0,10.0,92.567
1315,55,2024,22,Ferrari,3.0,2.0,92.41
1316,63,2024,22,Mercedes,1.0,1.0,92.312
1317,77,2024,22,Kick Sauber,18.0,19.0,94.43
1318,81,2024,22,McLaren,7.0,8.0,93.024
1319,1,2024,23,Red Bull Racing,1.0,1.0,80.52
1320,4,2024,23,McLaren,10.0,3.0,80.772
1321,10,2024,23,Alpine,5.0,11.0,81.437
1322,11,2024,23,Red Bull Racing,20.0,9.0,81.425
1323,14,2024,23,Aston Martin,7.0,8.0,81.208
1324,16,2024,23,Ferrari,2.0,5.0,80.852
1325,18,2024,23,Aston Martin,20.0,15.0,81.911
1326,20,2024,23,Haas F1 Team,9.0,10.0,81.387
1327,22,2024,23,RB,13.0,14.0,81.771
1328,23,2024,23,Williams,15.0,16.0,82.39
1329,24,2024,23,Kick Sauber,8.0,12.0,81.501
1330,27,2024,23,Haas F1 Team,20.0,18.0,82.442
1331,30,2024,23,RB,14.0,17.0,82.411
1332,31,2024,23,Alpine,20.0,20.0,82.714
1333,43,2024,23,Williams,20.0,19.0,82.594
1334,44,2024,23,Mercedes,12.0,6.0,81.011
1335,55,2024,23,Ferrari,6.0,7.0,81.041
1336,63,2024,23,Mercedes,4.0,2.0,80.575
1337,77,2024,23,Kick Sauber,11.0,13.0,81.731
1338,81,2024,23,McLaren,3.0,4.0,80.829
1339,1,2024,24,Red Bull Racing,6.0,5.0,82.945
1340,4,2024,24,McLaren,1.0,1.0,82.595
1341,10,2024,24,Alpine,7.0,6.0,82.984
1342,11,2024,24,Red Bull Racing,20.0,10.0,83.264
1343,14,2024,24,Aston Martin,9.0,8.0,83.196
1344,16,2024,24,Ferrari,3.0,14.0,83.302
1345,18,2024,24,Aston Martin,14.0,13.0,83.729
1346,20,2024,24,Haas F1 Team,16.0,15.0,83.632
1347,22,2024,24,RB,12.0,11.0,83.419
1348,23,2024,24,Williams,11.0,16.0,83.821
1349,24,2024,24,Kick Sauber,13.0,17.0,83.88
1350,27,2024,24,Haas F1 Team,8.0,4.0,82.886
1351,30,2024,24,RB,17.0,12.0,83.472
1352,43,2024,24,Williams,20.0,19.0,83.912
1353,44,2024,24,Mercedes,4.0,18.0,83.887
1354,55,2024,24,Ferrari,2.0,3.0,82.824
1355,61,2024,24,Alpine,15.0,20.0,84.105
1356,63,2024,24,Mercedes,5.0,7.0,83.132
1357,77,2024,24,Kick Sauber,20.0,9.0,83.204
1358,81,2024,24,McLaren,10.0,2.0,82.804
1359,1,2025,1,Red Bull Racing,2.0,3.0,75.481
1360,4,2025,1,McLaren,1.0,1.0,75.096
1361,5,2025,1,Kick Sauber,20.0,15.0,76.516
1362,6,2025,1,Racing Bulls,20.0,11.0,76.175
1363,7,2025,1,Alpine,20.0,14.0,76.315
1364,10,2025,1,Alpine,11.0,9.0,75.98
1365,12,2025,1,Mercedes,4.0,16.0,76.525
1366,14,2025,1,Aston Martin,20.0,12.0,76.288
1367,16,2025,1,Ferrari,8.0,7.0,75.755
1368,18,2025,1,Aston Martin,6.0,13.0,76.369
1369,22,2025,1,Racing Bulls,12.0,5.0,75.67
1370,23,2025,1,Williams,5.0,6.0,75.737
1371,27,2025,1,Kick Sauber,7.0,17.0,76.579
1372,30,2025,1,Red Bull Racing,20.0,18.0,77.094
1373,31,2025,1,Haas F1 Team,13.0,19.0,77.147
1374,44,2025,1,Ferrari,10.0,8.0,75.919
1375,55,2025,1,Williams,20.0,10.0,75.931
1376,63,2025,1,Mercedes,3.0,4.0,75.546
1377,81,2025,1,McLaren,9.0,2.0,75.18
1378,87,2025,1,Haas F1 Team,14.0,20.0,
1379,1,2025,2,Red Bull Racing,4.0,4.0,90.817
1380,4,2025,2,McLaren,2.0,3.0,90.787
1381,5,2025,2,Kick Sauber,14.0,19.0,92.141
1382,6,2025,2,Racing Bulls,11.0,7.0,91.079
1383,7,2025,2,Alpine,13.0,18.0,92.092
1384,10,2025,2,Alpine,20.0,16.0,91.992
1385,12,2025,2,Mercedes,6.0,8.0,91.103
1386,14,2025,2,Aston Martin,20.0,13.0,91.688
1387,16,2025,2,Ferrari,20.0,6.0,91.021
1388,18,2025,2,Aston Martin,9.0,14.0,91.773
1389,22,2025,2,Racing Bulls,16.0,9.0,91.238
1390,23,2025,2,Williams,7.0,10.0,91.503
1391,27,2025,2,Kick Sauber,15.0,12.0,91.632
1392,30,2025,2,Red Bull Racing,12.0,20.0,92.174
1393,31,2025,2,Haas F1 Team,5.0,11.0,91.625
1394,44,2025,2,Ferrari,20.0,5.0,90.927
1395,55,2025,2,Williams,10.0,15.0,91.628
1396,63,2025,2,Mercedes,3.0,2.0,90.723
1397,81,2025,2,McLaren,1.0,1.0,90.641
1398,87,2025,2,Haas F1 Team,8.0,17.0,92.018
1399,1,2025,3,Red Bull Racing,1.0,1.0,86.983
1400,4,2025,3,McLaren,2.0,2.0,86.995
1401,5,2025,3,Kick Sauber,19.0,17.0,88.622
1402,6,2025,3,Racing Bulls,8.0,7.0,87.569
1403,7,2025,3,Alpine,15.0,19.0,88.877
1404,10,2025,3,Alpine,13.0,11.0,87.822
1405,12,2025,3,Mercedes,6.0,6.0,87.555
1406,14,2025,3,Aston Martin,11.0,13.0,87.897
1407,16,2025,3,Ferrari,4.0,4.0,87.299
1408,18,2025,3,Aston Martin,20.0,20.0,89.271
1409,22,2025,3,Red Bull Racing,12.0,15.0,87.967
1410,23,2025,3,Williams,9.0,9.0,87.615
1411,27,2025,3,Kick Sauber,16.0,16.0,88.57
1412,30,2025,3,Racing Bulls,17.0,14.0,87.906
1413,31,2025,3,Haas F1 Team,18.0,18.0,88.696
1414,44,2025,3,Ferrari,7.0,8.0,87.61
1415,55,2025,3,Williams,14.0,12.0,87.836
1416,63,2025,3,Mercedes,5.0,5.0,87.318
1417,81,2025,3,McLaren,3.0,3.0,87.027
1418,87,2025,3,Haas F1 Team,10.0,10.0,87.711
1419,1,2025,4,Red Bull Racing,6.0,7.0,90.423
1420,4,2025,4,McLaren,3.0,6.0,90.267
1421,5,2025,4,Kick Sauber,18.0,18.0,92.186
1422,6,2025,4,Racing Bulls,13.0,12.0,91.271
1423,7,2025,4,Alpine,14.0,11.0,91.245
1424,10,2025,4,Alpine,7.0,5.0,90.216
1425,12,2025,4,Mercedes,11.0,4.0,90.213
1426,14,2025,4,Aston Martin,15.0,13.0,91.634
1427,16,2025,4,Ferrari,4.0,3.0,90.175
1428,18,2025,4,Aston Martin,17.0,19.0,92.283
1429,22,2025,4,Red Bull Racing,9.0,10.0,91.228
1430,23,2025,4,Williams,12.0,15.0,92.04
1431,27,2025,4,Kick Sauber,20.0,16.0,91.998
1432,30,2025,4,Racing Bulls,16.0,17.0,92.165
1433,31,2025,4,Haas F1 Team,8.0,14.0,91.594
1434,44,2025,4,Ferrari,5.0,9.0,90.772
1435,55,2025,4,Williams,20.0,8.0,90.68
1436,63,2025,4,Mercedes,2.0,2.0,90.009
1437,81,2025,4,McLaren,1.0,1.0,89.841
1438,87,2025,4,Haas F1 Team,10.0,20.0,92.373
1439,1,2025,5,Red Bull Racing,2.0,1.0,87.294
1440,4,2025,5,McLaren,4.0,10.0,87.481
1441,5,2025,5,Kick Sauber,18.0,20.0,89.462
1442,6,2025,5,Racing Bulls,10.0,14.0,88.418
1443,7,2025,5,Alpine,17.0,17.0,88.739
1444,10,2025,5,Alpine,20.0,9.0,88.025
1445,12,2025,5,Mercedes,6.0,5.0,87.798
1446,14,2025,5,Aston Martin,11.0,13.0,88.303
1447,16,2025,5,Ferrari,3.0,4.0,87.67
1448,18,2025,5,Aston Martin,16.0,16.0,88.645
1449,22,2025,5,Red Bull Racing,20.0,8.0,87.99
1450,23,2025,5,Williams,9.0,11.0,88.109
1451,27,2025,5,Kick Sauber,15.0,18.0,88.782
1452,30,2025,5,Racing Bulls,12.0,12.0,88.191
1453,31,2025,5,Haas F1 Team,14.0,19.0,89.092
1454,44,2025,5,Ferrari,7.0,7.0,88.102
1455,55,2025,5,Williams,8.0,6.0,88.024
1456,63,2025,5,Mercedes,5.0,3.0,87.407
1457,81,2025,5,McLaren,1.0,2.0,87.304
1458,87,2025,5,Haas F1 Team,13.0,15.0,88.536
1459,1,2025,6,Red Bull Racing,4.0,1.0,86.204
1460,4,2025,6,McLaren,2.0,2.0,86.269
1461,5,2025,6,Kick Sauber,20.0,13.0,87.151
1462,6,2025,6,Racing Bulls,11.0,11.0,86.987
1463,7,2025,6,Alpine,20.0,14.0,87.186
1464,10,2025,6,Alpine,13.0,18.0,87.71
1465,12,2025,6,Mercedes,6.0,3.0,86.271
1466,14,2025,6,Aston Martin,15.0,17.0,87.604
1467,16,2025,6,Ferrari,7.0,8.0,86.754
1468,18,2025,6,Aston Martin,16.0,19.0,87.83
1469,22,2025,6,Red Bull Racing,10.0,10.0,86.943
1470,23,2025,6,Williams,5.0,7.0,86.682
1471,27,2025,6,Kick Sauber,14.0,16.0,87.473
1472,30,2025,6,Racing Bulls,20.0,15.0,87.363
1473,31,2025,6,Haas F1 Team,12.0,9.0,86.824
1474,44,2025,6,Ferrari,8.0,12.0,87.006
1475,55,2025,6,Williams,9.0,6.0,86.569
1476,63,2025,6,Mercedes,3.0,5.0,86.385
1477,81,2025,6,McLaren,1.0,4.0,86.269
1478,87,2025,6,Haas F1 Team,20.0,20.0,87.999
1479,1,2025,7,Red Bull Racing,1.0,2.0,74.704
1480,4,2025,7,McLaren,2.0,4.0,74.962
1481,5,2025,7,Kick Sauber,18.0,14.0,76.26
1482,6,2025,7,Racing Bulls,9.0,9.0,75.51
1483,10,2025,7,Alpine,13.0,10.0,75.505
1484,12,2025,7,Mercedes,20.0,13.0,75.772
1485,14,2025,7,Aston Martin,11.0,5.0,75.431
1486,16,2025,7,Ferrari,6.0,11.0,75.604
1487,18,2025,7,Aston Martin,15.0,8.0,75.497
1488,22,2025,7,Red Bull Racing,10.0,20.0,
1489,23,2025,7,Williams,5.0,7.0,75.473
1490,27,2025,7,Kick Sauber,12.0,17.0,76.518
1491,30,2025,7,Racing Bulls,14.0,16.0,76.379
1492,31,2025,7,Haas F1 Team,20.0,18.0,76.613
1493,43,2025,7,Alpine,16.0,15.0,76.256
1494,44,2025,7,Ferrari,4.0,12.0,75.765
1495,55,2025,7,Williams,8.0,6.0,75.198
1496,63,2025,7,Mercedes,7.0,3.0,74.807
1497,81,2025,7,McLaren,3.0,1.0,74.67
1498,87,2025,7,Haas F1 Team,17.0,19.0,76.077
1499,1,2025,8,Red Bull Racing,4.0,5.0,70.669
1500,4,2025,8,McLaren,1.0,1.0,69.954
1501,5,2025,8,Kick Sauber,14.0,16.0,71.902
1502,6,2025,8,Racing Bulls,6.0,6.0,70.923
1503,10,2025,8,Alpine,20.0,18.0,71.994
1504,12,2025,8,Mercedes,18.0,15.0,71.88
1505,14,2025,8,Aston Martin,20.0,7.0,70.924
1506,16,2025,8,Ferrari,2.0,2.0,70.063
1507,18,2025,8,Aston Martin,15.0,19.0,72.563
1508,22,2025,8,Red Bull Racing,17.0,12.0,71.415
1509,23,2025,8,Williams,9.0,10.0,70.732
1510,27,2025,8,Kick Sauber,16.0,13.0,71.596
1511,30,2025,8,Racing Bulls,8.0,9.0,71.129
1512,31,2025,8,Haas F1 Team,7.0,8.0,70.942
1513,43,2025,8,Alpine,13.0,20.0,72.597
1514,44,2025,8,Ferrari,5.0,4.0,70.382
1515,55,2025,8,Williams,10.0,11.0,71.362
1516,63,2025,8,Mercedes,11.0,14.0,71.507
1517,81,2025,8,McLaren,3.0,3.0,70.129
1518,87,2025,8,Haas F1 Team,12.0,17.0,71.979
1519,1,2025,9,Red Bull Racing,10.0,3.0,71.848
1520,4,2025,9,McLaren,2.0,2.0,71.755
1521,5,2025,9,Kick Sauber,12.0,12.0,72.756
1522,6,2025,9,Racing Bulls,7.0,9.0,72.252
1523,10,2025,9,Alpine,8.0,8.0,72.199
1524,12,2025,9,Mercedes,20.0,6.0,72.111
1525,14,2025,9,Aston Martin,9.0,10.0,72.284
1526,16,2025,9,Ferrari,3.0,7.0,72.131
1527,22,2025,9,Red Bull Racing,13.0,20.0,73.385
1528,23,2025,9,Williams,20.0,11.0,72.641
1529,27,2025,9,Kick Sauber,5.0,16.0,73.19
1530,30,2025,9,Racing Bulls,11.0,13.0,72.763
1531,31,2025,9,Haas F1 Team,16.0,17.0,73.201
1532,43,2025,9,Alpine,15.0,19.0,73.334
1533,44,2025,9,Ferrari,6.0,5.0,72.045
1534,55,2025,9,Williams,14.0,18.0,73.203
1535,63,2025,9,Mercedes,4.0,4.0,71.848
1536,81,2025,9,McLaren,1.0,1.0,71.546
1537,87,2025,9,Haas F1 Team,17.0,15.0,73.074
1538,1,2025,10,Red Bull Racing,2.0,2.0,71.059
1539,4,2025,10,McLaren,18.0,7.0,71.599
1540,5,2025,10,Kick Sauber,14.0,16.0,72.385
1541,6,2025,10,Racing Bulls,16.0,9.0,71.867
1542,10,2025,10,Alpine,15.0,20.0,72.667
1543,12,2025,10,Mercedes,3.0,4.0,71.391
1544,14,2025,10,Aston Martin,7.0,6.0,71.586
1545,16,2025,10,Ferrari,5.0,8.0,71.626
1546,18,2025,10,Aston Martin,17.0,18.0,72.517
1547,22,2025,10,Red Bull Racing,12.0,11.0,72.102
1548,23,2025,10,Williams,20.0,10.0,71.892
1549,27,2025,10,Kick Sauber,8.0,13.0,72.183
1550,30,2025,10,Racing Bulls,20.0,19.0,72.525
1551,31,2025,10,Haas F1 Team,9.0,15.0,72.378
1552,43,2025,10,Alpine,13.0,12.0,72.142
1553,44,2025,10,Ferrari,6.0,5.0,71.526
1554,55,2025,10,Williams,10.0,17.0,72.398
1555,63,2025,10,Mercedes,1.0,1.0,70.899
1556,81,2025,10,McLaren,4.0,3.0,71.12
1557,87,2025,10,Haas F1 Team,11.0,14.0,72.306
1558,1,2025,11,Red Bull Racing,20.0,7.0,64.836
1559,4,2025,11,McLaren,1.0,1.0,63.971
1560,5,2025,11,Kick Sauber,8.0,8.0,64.846
1561,6,2025,11,Racing Bulls,12.0,13.0,65.063
1562,10,2025,11,Alpine,13.0,10.0,64.846
1563,12,2025,11,Mercedes,20.0,9.0,65.052
1564,14,2025,11,Aston Martin,7.0,11.0,65.128
1565,16,2025,11,Ferrari,3.0,2.0,64.492
1566,18,2025,11,Aston Martin,14.0,16.0,65.329
1567,22,2025,11,Red Bull Racing,16.0,18.0,65.369
1568,23,2025,11,Williams,20.0,12.0,65.143
1569,27,2025,11,Kick Sauber,9.0,20.0,65.606
1570,30,2025,11,Racing Bulls,6.0,6.0,64.926
1571,31,2025,11,Haas F1 Team,10.0,17.0,65.364
1572,43,2025,11,Alpine,15.0,14.0,65.278
1573,44,2025,11,Ferrari,4.0,4.0,64.582
1574,55,2025,11,Williams,20.0,19.0,65.582
1575,63,2025,11,Mercedes,5.0,5.0,64.763
1576,81,2025,11,McLaren,2.0,3.0,64.554
1577,87,2025,11,Haas F1 Team,11.0,15.0,65.218
1578,1,2025,12,Red Bull Racing,5.0,1.0,84.892
1579,4,2025,12,McLaren,1.0,3.0,85.01
1580,5,2025,12,Kick Sauber,20.0,17.0,86.446
1581,6,2025,12,Racing Bulls,20.0,13.0,85.864
1582,10,2025,12,Alpine,6.0,10.0,85.711
1583,12,2025,12,Mercedes,20.0,7.0,85.374
1584,14,2025,12,Aston Martin,9.0,9.0,85.593
1585,16,2025,12,Ferrari,14.0,6.0,85.121
1586,18,2025,12,Aston Martin,7.0,18.0,86.504
1587,22,2025,12,Red Bull Racing,15.0,12.0,85.826
1588,23,2025,12,Williams,8.0,14.0,85.889
1589,27,2025,12,Kick Sauber,3.0,19.0,86.574
1590,30,2025,12,Racing Bulls,20.0,16.0,86.44
1591,31,2025,12,Haas F1 Team,13.0,15.0,85.95
1592,43,2025,12,Alpine,20.0,20.0,87.06
1593,44,2025,12,Ferrari,4.0,5.0,85.084
1594,55,2025,12,Williams,12.0,11.0,85.746
1595,63,2025,12,Mercedes,10.0,4.0,85.029
1596,81,2025,12,McLaren,2.0,2.0,84.995
1597,87,2025,12,Haas F1 Team,11.0,8.0,85.471
1598,1,2025,13,Red Bull Racing,4.0,4.0,100.903
1599,4,2025,13,McLaren,2.0,1.0,100.562
1600,5,2025,13,Kick Sauber,9.0,10.0,101.336
1601,6,2025,13,Racing Bulls,20.0,8.0,101.281
1602,10,2025,13,Alpine,10.0,13.0,101.633
1603,12,2025,13,Mercedes,16.0,18.0,102.139
1604,14,2025,13,Aston Martin,17.0,19.0,102.385
1605,16,2025,13,Ferrari,3.0,3.0,100.9
1606,18,2025,13,Aston Martin,14.0,20.0,102.502
1607,22,2025,13,Red Bull Racing,13.0,7.0,101.245
1608,23,2025,13,Williams,6.0,5.0,101.201
1609,27,2025,13,Kick Sauber,12.0,14.0,101.707
1610,30,2025,13,Racing Bulls,8.0,9.0,101.297
1611,31,2025,13,Haas F1 Team,15.0,11.0,101.525
1612,43,2025,13,Alpine,19.0,17.0,102.022
1613,44,2025,13,Ferrari,7.0,16.0,101.939
1614,55,2025,13,Williams,18.0,15.0,101.691
1615,63,2025,13,Mercedes,5.0,6.0,101.254
1616,81,2025,13,McLaren,1.0,2.0,100.626
1617,87,2025,13,Haas F1 Team,11.0,12.0,101.617
1618,1,2025,14,Red Bull Racing,9.0,8.0,75.547
1619,4,2025,14,McLaren,1.0,3.0,74.89
1620,5,2025,14,Kick Sauber,6.0,7.0,75.586
1621,6,2025,14,Racing Bulls,11.0,10.0,75.469
1622,10,2025,14,Alpine,19.0,17.0,75.966
1623,12,2025,14,Mercedes,10.0,15.0,75.782
1624,14,2025,14,Aston Martin,5.0,5.0,75.281
1625,16,2025,14,Ferrari,4.0,1.0,75.372
1626,18,2025,14,Aston Martin,7.0,6.0,75.129
1627,22,2025,14,Red Bull Racing,17.0,16.0,75.899
1628,23,2025,14,Williams,15.0,20.0,76.223
1629,27,2025,14,Kick Sauber,13.0,19.0,76.081
1630,30,2025,14,Racing Bulls,8.0,9.0,75.63
1631,31,2025,14,Haas F1 Team,16.0,18.0,76.023
1632,43,2025,14,Alpine,18.0,14.0,75.875
1633,44,2025,14,Ferrari,12.0,12.0,75.702
1634,55,2025,14,Williams,14.0,13.0,75.652
1635,63,2025,14,Mercedes,3.0,4.0,75.201
1636,81,2025,14,McLaren,2.0,2.0,74.941
1637,87,2025,14,Haas F1 Team,20.0,11.0,75.694
1638,1,2025,15,Red Bull Racing,2.0,3.0,68.925
1639,4,2025,15,McLaren,18.0,2.0,68.674
1640,5,2025,15,Kick Sauber,15.0,13.0,69.622
1641,6,2025,15,Racing Bulls,3.0,4.0,69.208
1642,10,2025,15,Alpine,17.0,14.0,69.637
1643,12,2025,15,Mercedes,16.0,11.0,69.493
1644,14,2025,15,Aston Martin,8.0,10.0,69.366
1645,16,2025,15,Ferrari,20.0,6.0,69.304
1646,18,2025,15,Aston Martin,7.0,20.0,
1647,22,2025,15,Red Bull Racing,9.0,12.0,69.622
1648,23,2025,15,Williams,5.0,15.0,69.652
1649,27,2025,15,Kick Sauber,14.0,17.0,70.195
1650,30,2025,15,Racing Bulls,12.0,8.0,69.383
1651,31,2025,15,Haas F1 Team,10.0,18.0,70.197
1652,43,2025,15,Alpine,11.0,16.0,70.104
1653,44,2025,15,Ferrari,20.0,7.0,69.261
1654,55,2025,15,Williams,13.0,9.0,69.472
1655,63,2025,15,Mercedes,4.0,5.0,69.255
1656,81,2025,15,McLaren,1.0,1.0,68.662
1657,87,2025,15,Haas F1 Team,6.0,19.0,70.262
1658,1,2025,16,Red Bull Racing,1.0,1.0,78.792
1659,4,2025,16,McLaren,2.0,2.0,78.869
1660,5,2025,16,Kick Sauber,8.0,8.0,79.323
1661,6,2025,16,Racing Bulls,10.0,16.0,79.917
1662,10,2025,16,Alpine,16.0,19.0,80.103
1663,12,2025,16,Mercedes,9.0,7.0,79.2
1664,14,2025,16,Aston Martin,20.0,9.0,79.362
1665,16,2025,16,Ferrari,4.0,4.0,79.007
1666,18,2025,16,Aston Martin,18.0,17.0,79.948
1667,22,2025,16,Red Bull Racing,13.0,10.0,79.433
1668,23,2025,16,Williams,7.0,14.0,79.583
1669,27,2025,16,Kick Sauber,20.0,12.0,79.498
1670,30,2025,16,Racing Bulls,14.0,20.0,80.279
1671,31,2025,16,Haas F1 Team,15.0,15.0,79.707
1672,43,2025,16,Alpine,17.0,18.0,79.992
1673,44,2025,16,Ferrari,6.0,5.0,79.124
1674,55,2025,16,Williams,11.0,13.0,79.528
1675,63,2025,16,Mercedes,5.0,6.0,79.157
1676,81,2025,16,McLaren,3.0,3.0,78.982
1677,87,2025,16,Haas F1 Team,12.0,11.0,79.446
1678,1,2025,17,Red Bull Racing,1.0,1.0,101.117
1679,4,2025,17,McLaren,7.0,7.0,101.322
1680,5,2025,17,Kick Sauber,11.0,13.0,102.277
1681,6,2025,17,Racing Bulls,10.0,8.0,101.647
1682,10,2025,17,Alpine,18.0,18.0,103.139
1683,12,2025,17,Mercedes,4.0,4.0,101.464
1684,14,2025,17,Aston Martin,15.0,11.0,101.857
1685,16,2025,17,Ferrari,9.0,10.0,101.458
1686,18,2025,17,Aston Martin,17.0,14.0,102.101
1687,22,2025,17,Red Bull Racing,6.0,6.0,101.788
1688,23,2025,17,Williams,13.0,19.0,103.778
1689,27,2025,17,Kick Sauber,16.0,17.0,102.916
1690,30,2025,17,Racing Bulls,5.0,3.0,101.537
1691,31,2025,17,Haas F1 Team,14.0,20.0,103.004
1692,43,2025,17,Alpine,19.0,16.0,102.779
1693,44,2025,17,Ferrari,8.0,12.0,101.821
1694,55,2025,17,Williams,3.0,2.0,101.595
1695,63,2025,17,Mercedes,2.0,5.0,101.455
1696,81,2025,17,McLaren,20.0,9.0,101.414
1697,87,2025,17,Haas F1 Team,12.0,15.0,102.666
1698,1,2025,18,Red Bull Racing,2.0,2.0,89.34
1699,4,2025,18,McLaren,3.0,5.0,89.586
1700,5,2025,18,Kick Sauber,17.0,14.0,90.82
1701,6,2025,18,Racing Bulls,11.0,8.0,89.846
1702,10,2025,18,Alpine,19.0,18.0,91.261
1703,12,2025,18,Mercedes,5.0,4.0,89.537
1704,14,2025,18,Aston Martin,7.0,10.0,89.955
1705,16,2025,18,Ferrari,6.0,7.0,89.784
1706,18,2025,18,Aston Martin,13.0,15.0,90.949
1707,22,2025,18,Red Bull Racing,12.0,13.0,90.353
1708,23,2025,18,Williams,14.0,19.0,90.202
1709,27,2025,18,Kick Sauber,20.0,11.0,90.141
1710,30,2025,18,Racing Bulls,15.0,12.0,90.32
1711,31,2025,18,Haas F1 Team,18.0,17.0,90.989
1712,43,2025,18,Alpine,16.0,16.0,90.982
1713,44,2025,18,Ferrari,8.0,6.0,89.688
1714,55,2025,18,Williams,10.0,20.0,90.235
1715,63,2025,18,Mercedes,1.0,1.0,89.158
1716,81,2025,18,McLaren,4.0,3.0,89.524
1717,87,2025,18,Haas F1 Team,9.0,9.0,89.868
1718,1,2025,19,Red Bull Racing,1.0,1.0,92.51
1719,4,2025,19,McLaren,2.0,2.0,92.801
1720,5,2025,19,Kick Sauber,18.0,16.0,94.125
1721,6,2025,19,Racing Bulls,16.0,20.0,
1722,10,2025,19,Alpine,19.0,14.0,93.599
1723,12,2025,19,Mercedes,13.0,7.0,93.044
1724,14,2025,19,Aston Martin,10.0,10.0,93.16
1725,16,2025,19,Ferrari,3.0,3.0,92.807
1726,18,2025,19,Aston Martin,12.0,18.0,94.54
1727,22,2025,19,Red Bull Racing,7.0,13.0,93.466
1728,23,2025,19,Williams,14.0,19.0,94.69
1729,27,2025,19,Kick Sauber,8.0,11.0,93.334
1730,30,2025,19,Racing Bulls,11.0,12.0,93.36
1731,31,2025,19,Haas F1 Team,15.0,17.0,94.136
1732,43,2025,19,Alpine,17.0,15.0,94.039
1733,44,2025,19,Ferrari,4.0,5.0,92.912
1734,55,2025,19,Williams,20.0,9.0,93.124
1735,63,2025,19,Mercedes,6.0,4.0,92.826
1736,81,2025,19,McLaren,5.0,6.0,93.084
1737,87,2025,19,Haas F1 Team,9.0,8.0,93.139
1738,1,2025,20,Red Bull Racing,3.0,5.0,76.07
1739,4,2025,20,McLaren,1.0,1.0,75.586
1740,5,2025,20,Kick Sauber,10.0,16.0,77.412
1741,6,2025,20,Racing Bulls,13.0,9.0,76.252
1742,10,2025,20,Alpine,15.0,18.0,77.546
1743,12,2025,20,Mercedes,6.0,6.0,76.118
1744,14,2025,20,Aston Martin,20.0,14.0,77.103
1745,16,2025,20,Ferrari,2.0,2.0,75.848
1746,18,2025,20,Aston Martin,14.0,19.0,77.606
1747,22,2025,20,Red Bull Racing,11.0,11.0,76.816
1748,23,2025,20,Williams,12.0,17.0,77.49
1749,27,2025,20,Kick Sauber,20.0,13.0,77.016
1750,30,2025,20,Racing Bulls,20.0,15.0,76.961
1751,31,2025,20,Haas F1 Team,9.0,12.0,76.837
1752,43,2025,20,Alpine,16.0,20.0,77.67
1753,44,2025,20,Ferrari,8.0,3.0,75.938
1754,55,2025,20,Williams,17.0,7.0,76.172
1755,63,2025,20,Mercedes,7.0,4.0,76.034
1756,81,2025,20,McLaren,5.0,8.0,76.174
1757,87,2025,20,Haas F1 Team,4.0,10.0,76.46
1758,1,2025,21,Red Bull Racing,3.0,16.0,70.403
1759,4,2025,21,McLaren,1.0,1.0,69.511
1760,5,2025,21,Kick Sauber,20.0,20.0,
1761,6,2025,21,Racing Bulls,8.0,5.0,69.931
1762,10,2025,21,Alpine,10.0,9.0,69.857
1763,12,2025,21,Mercedes,2.0,2.0,69.685
1764,14,2025,21,Aston Martin,14.0,11.0,70.001
1765,16,2025,21,Ferrari,20.0,3.0,69.801
1766,18,2025,21,Aston Martin,16.0,14.0,70.041
1767,22,2025,21,Red Bull Racing,17.0,19.0,70.711
1768,23,2025,21,Williams,11.0,12.0,70.053
1769,27,2025,21,Kick Sauber,9.0,10.0,69.985
1770,30,2025,21,Racing Bulls,7.0,7.0,69.95
1771,31,2025,21,Haas F1 Team,12.0,17.0,70.438
1772,43,2025,21,Alpine,15.0,18.0,70.632
1773,44,2025,21,Ferrari,20.0,13.0,70.016
1774,55,2025,21,Williams,13.0,15.0,70.184
1775,63,2025,21,Mercedes,4.0,6.0,69.88
1776,81,2025,21,McLaren,5.0,4.0,69.835
1777,87,2025,21,Haas F1 Team,6.0,8.0,69.755
1778,1,2025,22,Red Bull Racing,1.0,2.0,108.257
1779,4,2025,22,McLaren,20.0,1.0,107.934
1780,5,2025,22,Kick Sauber,20.0,18.0,116.674
1781,6,2025,22,Racing Bulls,6.0,8.0,109.554
1782,10,2025,22,Alpine,13.0,10.0,111.54
1783,12,2025,22,Mercedes,3.0,17.0,116.314
1784,14,2025,22,Aston Martin,11.0,7.0,109.466
1785,16,2025,22,Ferrari,4.0,9.0,109.872
1786,18,2025,22,Aston Martin,20.0,12.0,112.85
1787,22,2025,22,Red Bull Racing,12.0,19.0,116.798
1788,23,2025,22,Williams,20.0,16.0,116.22
1789,27,2025,22,Kick Sauber,7.0,11.0,112.781
1790,30,2025,22,Racing Bulls,14.0,6.0,109.062
1791,31,2025,22,Haas F1 Team,9.0,13.0,112.987
1792,43,2025,22,Alpine,15.0,15.0,113.683
1793,44,2025,22,Ferrari,8.0,20.0,117.115
1794,55,2025,22,Williams,5.0,3.0,108.296
1795,63,2025,22,Mercedes,2.0,4.0,108.803
1796,81,2025,22,McLaren,20.0,5.0,108.961
1797,87,2025,22,Haas F1 Team,10.0,14.0,113.094
1798,1,2025,23,Red Bull Racing,1.0,3.0,79.651
1799,4,2025,23,McLaren,4.0,2.0,79.495
1800,5,2025,23,Kick Sauber,13.0,14.0,80.534
1801,6,2025,23,Racing Bulls,18.0,6.0,80.114
1802,10,2025,23,Alpine,16.0,9.0,80.324
1803,12,2025,23,Mercedes,5.0,5.0,79.846
1804,14,2025,23,Aston Martin,7.0,8.0,80.219
1805,16,2025,23,Ferrari,8.0,10.0,80.343
1806,18,2025,23,Aston Martin,17.0,19.0,81.058
1807,22,2025,23,Red Bull Racing,10.0,16.0,80.761
1808,23,2025,23,Williams,11.0,15.0,80.629
1809,27,2025,23,Kick Sauber,20.0,11.0,80.353
1810,30,2025,23,Racing Bulls,9.0,12.0,80.433
1811,31,2025,23,Haas F1 Team,15.0,17.0,80.864
1812,43,2025,23,Alpine,14.0,20.0,81.137
1813,44,2025,23,Ferrari,12.0,18.0,80.907
1814,55,2025,23,Williams,3.0,7.0,80.251
1815,63,2025,23,Mercedes,6.0,4.0,79.662
1816,81,2025,23,McLaren,2.0,1.0,79.387
1817,87,2025,23,Haas F1 Team,20.0,13.0,80.438
1818,1,2025,24,Red Bull Racing,1.0,1.0,82.207
1819,4,2025,24,McLaren,3.0,2.0,82.408
1820,5,2025,24,Kick Sauber,11.0,7.0,82.874
1821,6,2025,24,Racing Bulls,17.0,9.0,82.997
1822,10,2025,24,Alpine,19.0,19.0,83.468
1823,12,2025,24,Mercedes,15.0,14.0,82.894
1824,14,2025,24,Aston Martin,6.0,6.0,82.861
1825,16,2025,24,Ferrari,4.0,5.0,82.73
1826,18,2025,24,Aston Martin,10.0,15.0,83.097
1827,22,2025,24,Red Bull Racing,14.0,10.0,83.034
1828,23,2025,24,Williams,16.0,17.0,83.416
1829,27,2025,24,Kick Sauber,9.0,18.0,83.45
1830,30,2025,24,Racing Bulls,18.0,13.0,83.077
1831,31,2025,24,Haas F1 Team,7.0,8.0,82.913
1832,43,2025,24,Alpine,20.0,20.0,83.89
1833,44,2025,24,Ferrari,8.0,16.0,83.394
1834,55,2025,24,Williams,13.0,12.0,83.042
1835,63,2025,24,Mercedes,5.0,4.0,82.645
1836,81,2025,24,McLaren,2.0,3.0,82.437
1837,87,2025,24,Haas F1 Team,12.0,11.0,83.041
